INSERT INTO usuario (id_usuario, nombre, apellido, correo, contraseña, rol) VALUES (1, 'Florina', 'Anaya', 'florina.anaya@sematec.edu.pe', 'password123', 'profesor');
INSERT INTO perfilprofesor (id_usuario, especialidad) VALUES (1, 'Hidráulica avanzada');
INSERT INTO usuario (id_usuario, nombre, apellido, correo, contraseña, rol) VALUES (2, 'Horacio', 'Tenorio', 'horacio.tenorio@sematec.edu.pe', 'password123', 'profesor');
INSERT INTO perfilprofesor (id_usuario, especialidad) VALUES (2, 'Electromecánica');
INSERT INTO usuario (id_usuario, nombre, apellido, correo, contraseña, rol) VALUES (3, 'Pili', 'Naranjo', 'pili.naranjo@sematec.edu.pe', 'password123', 'profesor');
INSERT INTO perfilprofesor (id_usuario, especialidad) VALUES (3, 'Ingeniería de maquinaria pesada');
INSERT INTO usuario (id_usuario, nombre, apellido, correo, contraseña, rol) VALUES (4, 'Casemiro', 'Acuña', 'casemiro.acuña@sematec.edu.pe', 'password123', 'profesor');
INSERT INTO perfilprofesor (id_usuario, especialidad) VALUES (4, 'Sistemas industriales');
INSERT INTO usuario (id_usuario, nombre, apellido, correo, contraseña, rol) VALUES (5, 'Antonio', 'Godoy', 'antonio.godoy@sematec.edu.pe', 'password123', 'profesor');
INSERT INTO perfilprofesor (id_usuario, especialidad) VALUES (5, 'Tecnología minera');
INSERT INTO usuario (id_usuario, nombre, apellido, correo, contraseña, rol) VALUES (6, 'Amada', 'Cal', 'amada.cal@sematec.edu.pe', 'password123', 'profesor');
INSERT INTO perfilprofesor (id_usuario, especialidad) VALUES (6, 'Mecatrónica');
INSERT INTO curso (id_curso, nombre, descripcion, categoria, nivel, id_profesor) VALUES (1, 'CURSO INTEGRAL DE SISTEMAS HIDRÁULICOS', 'Curso de curso integral de sistemas hidráulicos', 'Hidráulica', 'Intermedio', 1);
INSERT INTO curso (id_curso, nombre, descripcion, categoria, nivel, id_profesor) VALUES (2, 'BOMBAS Y MOTORES HIDRAULICOS', 'Curso de bombas y motores hidraulicos', 'Hidráulica', 'Intermedio', 2);
INSERT INTO curso (id_curso, nombre, descripcion, categoria, nivel, id_profesor) VALUES (3, 'SISTEMAS HIDRÁULICOS DE LA MAQUINARIA PESADA', 'Curso de sistemas hidráulicos de la maquinaria pesada', 'Hidráulica', 'Intermedio', 3);
INSERT INTO curso (id_curso, nombre, descripcion, categoria, nivel, id_profesor) VALUES (4, 'Jumbo EPIROC S1D', 'Curso de jumbo epiroc s1d', 'Hidráulica', 'Intermedio', 4);
INSERT INTO curso (id_curso, nombre, descripcion, categoria, nivel, id_profesor) VALUES (5, 'VÁLVULAS HIDRÁULICAS Y SIMBOLOGÍA NORMALIZADA', 'Curso de válvulas hidráulicas y simbología normalizada', 'Hidráulica', 'Intermedio', 5);
INSERT INTO curso (id_curso, nombre, descripcion, categoria, nivel, id_profesor) VALUES (6, 'SISTEMAS DE PERFORACIÓN EPIROC', 'Curso de sistemas de perforación epiroc', 'Hidráulica', 'Intermedio', 6);
INSERT INTO usuario (id_usuario, nombre, apellido, correo, contraseña, rol) VALUES (7, 'Nilda', 'Sacristán', 'nilda.sacristán7@sematec.edu.pe', 'password123', 'estudiante');
INSERT INTO perfilestudiante (id_usuario, edad, nivel_educativo, ocupacion) VALUES (7, 35, 'Secundaria', 'Operador de maquinaria');
INSERT INTO usuario (id_usuario, nombre, apellido, correo, contraseña, rol) VALUES (8, 'Encarna', 'Mata', 'encarna.mata8@sematec.edu.pe', 'password123', 'estudiante');
INSERT INTO perfilestudiante (id_usuario, edad, nivel_educativo, ocupacion) VALUES (8, 37, 'Universitario', 'Operador de maquinaria');
INSERT INTO usuario (id_usuario, nombre, apellido, correo, contraseña, rol) VALUES (9, 'Teodoro', 'Adadia', 'teodoro.adadia9@sematec.edu.pe', 'password123', 'estudiante');
INSERT INTO perfilestudiante (id_usuario, edad, nivel_educativo, ocupacion) VALUES (9, 50, 'Universitario', 'Operador de maquinaria');
INSERT INTO usuario (id_usuario, nombre, apellido, correo, contraseña, rol) VALUES (10, 'Luís', 'Gras', 'luís.gras10@sematec.edu.pe', 'password123', 'estudiante');
INSERT INTO perfilestudiante (id_usuario, edad, nivel_educativo, ocupacion) VALUES (10, 20, 'Universitario', 'Estudiante');
INSERT INTO usuario (id_usuario, nombre, apellido, correo, contraseña, rol) VALUES (11, 'Ana', 'Huguet', 'ana.huguet11@sematec.edu.pe', 'password123', 'estudiante');
INSERT INTO perfilestudiante (id_usuario, edad, nivel_educativo, ocupacion) VALUES (11, 46, 'Universitario', 'Mecánico');
INSERT INTO usuario (id_usuario, nombre, apellido, correo, contraseña, rol) VALUES (12, 'Luisa', 'Rocamora', 'luisa.rocamora12@sematec.edu.pe', 'password123', 'estudiante');
INSERT INTO perfilestudiante (id_usuario, edad, nivel_educativo, ocupacion) VALUES (12, 52, 'Secundaria', 'Operador de maquinaria');
INSERT INTO usuario (id_usuario, nombre, apellido, correo, contraseña, rol) VALUES (13, 'Guillermo', 'Cárdenas', 'guillermo.cárdenas13@sematec.edu.pe', 'password123', 'estudiante');
INSERT INTO perfilestudiante (id_usuario, edad, nivel_educativo, ocupacion) VALUES (13, 20, 'Técnico', 'Estudiante');
INSERT INTO usuario (id_usuario, nombre, apellido, correo, contraseña, rol) VALUES (14, 'Juan Francisco', 'Cardona', 'juan francisco.cardona14@sematec.edu.pe', 'password123', 'estudiante');
INSERT INTO perfilestudiante (id_usuario, edad, nivel_educativo, ocupacion) VALUES (14, 23, 'Postgrado', 'Estudiante');
INSERT INTO usuario (id_usuario, nombre, apellido, correo, contraseña, rol) VALUES (15, 'Melchor', 'Porras', 'melchor.porras15@sematec.edu.pe', 'password123', 'estudiante');
INSERT INTO perfilestudiante (id_usuario, edad, nivel_educativo, ocupacion) VALUES (15, 26, 'Postgrado', 'Mecánico');
INSERT INTO usuario (id_usuario, nombre, apellido, correo, contraseña, rol) VALUES (16, 'Marianela', 'Baró', 'marianela.baró16@sematec.edu.pe', 'password123', 'estudiante');
INSERT INTO perfilestudiante (id_usuario, edad, nivel_educativo, ocupacion) VALUES (16, 30, 'Universitario', 'Estudiante');
INSERT INTO usuario (id_usuario, nombre, apellido, correo, contraseña, rol) VALUES (17, 'Fidel', 'Carrión', 'fidel.carrión17@sematec.edu.pe', 'password123', 'estudiante');
INSERT INTO perfilestudiante (id_usuario, edad, nivel_educativo, ocupacion) VALUES (17, 47, 'Técnico', 'Operador de maquinaria');
INSERT INTO usuario (id_usuario, nombre, apellido, correo, contraseña, rol) VALUES (18, 'Lino', 'Borrás', 'lino.borrás18@sematec.edu.pe', 'password123', 'estudiante');
INSERT INTO perfilestudiante (id_usuario, edad, nivel_educativo, ocupacion) VALUES (18, 38, 'Universitario', 'Estudiante');
INSERT INTO usuario (id_usuario, nombre, apellido, correo, contraseña, rol) VALUES (19, 'Lino', 'Gallego', 'lino.gallego19@sematec.edu.pe', 'password123', 'estudiante');
INSERT INTO perfilestudiante (id_usuario, edad, nivel_educativo, ocupacion) VALUES (19, 30, 'Postgrado', 'Supervisor de planta');
INSERT INTO usuario (id_usuario, nombre, apellido, correo, contraseña, rol) VALUES (20, 'Natanael', 'Santana', 'natanael.santana20@sematec.edu.pe', 'password123', 'estudiante');
INSERT INTO perfilestudiante (id_usuario, edad, nivel_educativo, ocupacion) VALUES (20, 40, 'Universitario', 'Técnico hidráulico');
INSERT INTO usuario (id_usuario, nombre, apellido, correo, contraseña, rol) VALUES (21, 'Judith', 'Puerta', 'judith.puerta21@sematec.edu.pe', 'password123', 'estudiante');
INSERT INTO perfilestudiante (id_usuario, edad, nivel_educativo, ocupacion) VALUES (21, 55, 'Postgrado', 'Mecánico');
INSERT INTO usuario (id_usuario, nombre, apellido, correo, contraseña, rol) VALUES (22, 'León', 'Soler', 'león.soler22@sematec.edu.pe', 'password123', 'estudiante');
INSERT INTO perfilestudiante (id_usuario, edad, nivel_educativo, ocupacion) VALUES (22, 30, 'Técnico', 'Mecánico');
INSERT INTO usuario (id_usuario, nombre, apellido, correo, contraseña, rol) VALUES (23, 'Valentín', 'Chico', 'valentín.chico23@sematec.edu.pe', 'password123', 'estudiante');
INSERT INTO perfilestudiante (id_usuario, edad, nivel_educativo, ocupacion) VALUES (23, 29, 'Postgrado', 'Mecánico');
INSERT INTO usuario (id_usuario, nombre, apellido, correo, contraseña, rol) VALUES (24, 'Marianela', 'Río', 'marianela.río24@sematec.edu.pe', 'password123', 'estudiante');
INSERT INTO perfilestudiante (id_usuario, edad, nivel_educativo, ocupacion) VALUES (24, 18, 'Técnico', 'Técnico hidráulico');
INSERT INTO usuario (id_usuario, nombre, apellido, correo, contraseña, rol) VALUES (25, 'Isaías', 'Pombo', 'isaías.pombo25@sematec.edu.pe', 'password123', 'estudiante');
INSERT INTO perfilestudiante (id_usuario, edad, nivel_educativo, ocupacion) VALUES (25, 19, 'Postgrado', 'Mecánico');
INSERT INTO usuario (id_usuario, nombre, apellido, correo, contraseña, rol) VALUES (26, 'Anastasio', 'Barrios', 'anastasio.barrios26@sematec.edu.pe', 'password123', 'estudiante');
INSERT INTO perfilestudiante (id_usuario, edad, nivel_educativo, ocupacion) VALUES (26, 45, 'Técnico', 'Mecánico');
INSERT INTO usuario (id_usuario, nombre, apellido, correo, contraseña, rol) VALUES (27, 'Severino', 'Ricart', 'severino.ricart27@sematec.edu.pe', 'password123', 'estudiante');
INSERT INTO perfilestudiante (id_usuario, edad, nivel_educativo, ocupacion) VALUES (27, 24, 'Postgrado', 'Técnico hidráulico');
INSERT INTO usuario (id_usuario, nombre, apellido, correo, contraseña, rol) VALUES (28, 'Jesús', 'Mesa', 'jesús.mesa28@sematec.edu.pe', 'password123', 'estudiante');
INSERT INTO perfilestudiante (id_usuario, edad, nivel_educativo, ocupacion) VALUES (28, 23, 'Técnico', 'Supervisor de planta');
INSERT INTO usuario (id_usuario, nombre, apellido, correo, contraseña, rol) VALUES (29, 'Raúl', 'Vallejo', 'raúl.vallejo29@sematec.edu.pe', 'password123', 'estudiante');
INSERT INTO perfilestudiante (id_usuario, edad, nivel_educativo, ocupacion) VALUES (29, 41, 'Secundaria', 'Supervisor de planta');
INSERT INTO usuario (id_usuario, nombre, apellido, correo, contraseña, rol) VALUES (30, 'Fátima', 'Quintana', 'fátima.quintana30@sematec.edu.pe', 'password123', 'estudiante');
INSERT INTO perfilestudiante (id_usuario, edad, nivel_educativo, ocupacion) VALUES (30, 33, 'Técnico', 'Supervisor de planta');
INSERT INTO usuario (id_usuario, nombre, apellido, correo, contraseña, rol) VALUES (31, 'Isidora', 'Salvà', 'isidora.salvà31@sematec.edu.pe', 'password123', 'estudiante');
INSERT INTO perfilestudiante (id_usuario, edad, nivel_educativo, ocupacion) VALUES (31, 24, 'Postgrado', 'Mecánico');
INSERT INTO usuario (id_usuario, nombre, apellido, correo, contraseña, rol) VALUES (32, 'Itziar', 'Morán', 'itziar.morán32@sematec.edu.pe', 'password123', 'estudiante');
INSERT INTO perfilestudiante (id_usuario, edad, nivel_educativo, ocupacion) VALUES (32, 41, 'Secundaria', 'Mecánico');
INSERT INTO usuario (id_usuario, nombre, apellido, correo, contraseña, rol) VALUES (33, 'Manola', 'Céspedes', 'manola.céspedes33@sematec.edu.pe', 'password123', 'estudiante');
INSERT INTO perfilestudiante (id_usuario, edad, nivel_educativo, ocupacion) VALUES (33, 52, 'Universitario', 'Estudiante');
INSERT INTO usuario (id_usuario, nombre, apellido, correo, contraseña, rol) VALUES (34, 'Ruperta', 'Sevillano', 'ruperta.sevillano34@sematec.edu.pe', 'password123', 'estudiante');
INSERT INTO perfilestudiante (id_usuario, edad, nivel_educativo, ocupacion) VALUES (34, 38, 'Postgrado', 'Supervisor de planta');
INSERT INTO usuario (id_usuario, nombre, apellido, correo, contraseña, rol) VALUES (35, 'Reina', 'Abad', 'reina.abad35@sematec.edu.pe', 'password123', 'estudiante');
INSERT INTO perfilestudiante (id_usuario, edad, nivel_educativo, ocupacion) VALUES (35, 48, 'Secundaria', 'Mecánico');
INSERT INTO usuario (id_usuario, nombre, apellido, correo, contraseña, rol) VALUES (36, 'Sebastian', 'Peralta', 'sebastian.peralta36@sematec.edu.pe', 'password123', 'estudiante');
INSERT INTO perfilestudiante (id_usuario, edad, nivel_educativo, ocupacion) VALUES (36, 38, 'Universitario', 'Supervisor de planta');
INSERT INTO usuario (id_usuario, nombre, apellido, correo, contraseña, rol) VALUES (37, 'Adriana', 'Bayona', 'adriana.bayona37@sematec.edu.pe', 'password123', 'estudiante');
INSERT INTO perfilestudiante (id_usuario, edad, nivel_educativo, ocupacion) VALUES (37, 31, 'Postgrado', 'Técnico hidráulico');
INSERT INTO usuario (id_usuario, nombre, apellido, correo, contraseña, rol) VALUES (38, 'Noemí', 'Escamilla', 'noemí.escamilla38@sematec.edu.pe', 'password123', 'estudiante');
INSERT INTO perfilestudiante (id_usuario, edad, nivel_educativo, ocupacion) VALUES (38, 24, 'Técnico', 'Estudiante');
INSERT INTO usuario (id_usuario, nombre, apellido, correo, contraseña, rol) VALUES (39, 'Gerardo', 'Morillo', 'gerardo.morillo39@sematec.edu.pe', 'password123', 'estudiante');
INSERT INTO perfilestudiante (id_usuario, edad, nivel_educativo, ocupacion) VALUES (39, 27, 'Técnico', 'Estudiante');
INSERT INTO usuario (id_usuario, nombre, apellido, correo, contraseña, rol) VALUES (40, 'Oriana', 'Torrent', 'oriana.torrent40@sematec.edu.pe', 'password123', 'estudiante');
INSERT INTO perfilestudiante (id_usuario, edad, nivel_educativo, ocupacion) VALUES (40, 44, 'Postgrado', 'Supervisor de planta');
INSERT INTO usuario (id_usuario, nombre, apellido, correo, contraseña, rol) VALUES (41, 'Alma', 'Sarabia', 'alma.sarabia41@sematec.edu.pe', 'password123', 'estudiante');
INSERT INTO perfilestudiante (id_usuario, edad, nivel_educativo, ocupacion) VALUES (41, 20, 'Postgrado', 'Técnico hidráulico');
INSERT INTO usuario (id_usuario, nombre, apellido, correo, contraseña, rol) VALUES (42, 'Máxima', 'Ródenas', 'máxima.ródenas42@sematec.edu.pe', 'password123', 'estudiante');
INSERT INTO perfilestudiante (id_usuario, edad, nivel_educativo, ocupacion) VALUES (42, 26, 'Técnico', 'Estudiante');
INSERT INTO usuario (id_usuario, nombre, apellido, correo, contraseña, rol) VALUES (43, 'Amarilis', 'Cornejo', 'amarilis.cornejo43@sematec.edu.pe', 'password123', 'estudiante');
INSERT INTO perfilestudiante (id_usuario, edad, nivel_educativo, ocupacion) VALUES (43, 24, 'Técnico', 'Mecánico');
INSERT INTO usuario (id_usuario, nombre, apellido, correo, contraseña, rol) VALUES (44, 'Jenaro', 'Castro', 'jenaro.castro44@sematec.edu.pe', 'password123', 'estudiante');
INSERT INTO perfilestudiante (id_usuario, edad, nivel_educativo, ocupacion) VALUES (44, 54, 'Técnico', 'Operador de maquinaria');
INSERT INTO usuario (id_usuario, nombre, apellido, correo, contraseña, rol) VALUES (45, 'Loreto', 'Chaparro', 'loreto.chaparro45@sematec.edu.pe', 'password123', 'estudiante');
INSERT INTO perfilestudiante (id_usuario, edad, nivel_educativo, ocupacion) VALUES (45, 46, 'Secundaria', 'Mecánico');
INSERT INTO usuario (id_usuario, nombre, apellido, correo, contraseña, rol) VALUES (46, 'Ariadna', 'Ariño', 'ariadna.ariño46@sematec.edu.pe', 'password123', 'estudiante');
INSERT INTO perfilestudiante (id_usuario, edad, nivel_educativo, ocupacion) VALUES (46, 21, 'Secundaria', 'Operador de maquinaria');
INSERT INTO usuario (id_usuario, nombre, apellido, correo, contraseña, rol) VALUES (47, 'Sonia', 'Alemany', 'sonia.alemany47@sematec.edu.pe', 'password123', 'estudiante');
INSERT INTO perfilestudiante (id_usuario, edad, nivel_educativo, ocupacion) VALUES (47, 51, 'Postgrado', 'Operador de maquinaria');
INSERT INTO usuario (id_usuario, nombre, apellido, correo, contraseña, rol) VALUES (48, 'Domitila', 'Manzanares', 'domitila.manzanares48@sematec.edu.pe', 'password123', 'estudiante');
INSERT INTO perfilestudiante (id_usuario, edad, nivel_educativo, ocupacion) VALUES (48, 20, 'Universitario', 'Supervisor de planta');
INSERT INTO usuario (id_usuario, nombre, apellido, correo, contraseña, rol) VALUES (49, 'Hernando', 'Torrens', 'hernando.torrens49@sematec.edu.pe', 'password123', 'estudiante');
INSERT INTO perfilestudiante (id_usuario, edad, nivel_educativo, ocupacion) VALUES (49, 18, 'Técnico', 'Supervisor de planta');
INSERT INTO usuario (id_usuario, nombre, apellido, correo, contraseña, rol) VALUES (50, 'Héctor', 'Arnaiz', 'héctor.arnaiz50@sematec.edu.pe', 'password123', 'estudiante');
INSERT INTO perfilestudiante (id_usuario, edad, nivel_educativo, ocupacion) VALUES (50, 31, 'Secundaria', 'Técnico hidráulico');
INSERT INTO usuario (id_usuario, nombre, apellido, correo, contraseña, rol) VALUES (51, 'Josefa', 'Bartolomé', 'josefa.bartolomé51@sematec.edu.pe', 'password123', 'estudiante');
INSERT INTO perfilestudiante (id_usuario, edad, nivel_educativo, ocupacion) VALUES (51, 20, 'Postgrado', 'Mecánico');
INSERT INTO usuario (id_usuario, nombre, apellido, correo, contraseña, rol) VALUES (52, 'Seve', 'Urrutia', 'seve.urrutia52@sematec.edu.pe', 'password123', 'estudiante');
INSERT INTO perfilestudiante (id_usuario, edad, nivel_educativo, ocupacion) VALUES (52, 25, 'Secundaria', 'Operador de maquinaria');
INSERT INTO usuario (id_usuario, nombre, apellido, correo, contraseña, rol) VALUES (53, 'Ema', 'Aguilera', 'ema.aguilera53@sematec.edu.pe', 'password123', 'estudiante');
INSERT INTO perfilestudiante (id_usuario, edad, nivel_educativo, ocupacion) VALUES (53, 52, 'Universitario', 'Estudiante');
INSERT INTO usuario (id_usuario, nombre, apellido, correo, contraseña, rol) VALUES (54, 'Sabina', 'Martínez', 'sabina.martínez54@sematec.edu.pe', 'password123', 'estudiante');
INSERT INTO perfilestudiante (id_usuario, edad, nivel_educativo, ocupacion) VALUES (54, 46, 'Técnico', 'Mecánico');
INSERT INTO usuario (id_usuario, nombre, apellido, correo, contraseña, rol) VALUES (55, 'Reyes', 'Alegre', 'reyes.alegre55@sematec.edu.pe', 'password123', 'estudiante');
INSERT INTO perfilestudiante (id_usuario, edad, nivel_educativo, ocupacion) VALUES (55, 46, 'Postgrado', 'Supervisor de planta');
INSERT INTO usuario (id_usuario, nombre, apellido, correo, contraseña, rol) VALUES (56, 'Milagros', 'Arranz', 'milagros.arranz56@sematec.edu.pe', 'password123', 'estudiante');
INSERT INTO perfilestudiante (id_usuario, edad, nivel_educativo, ocupacion) VALUES (56, 53, 'Universitario', 'Supervisor de planta');
INSERT INTO usuario (id_usuario, nombre, apellido, correo, contraseña, rol) VALUES (57, 'Daniela', 'Fortuny', 'daniela.fortuny57@sematec.edu.pe', 'password123', 'estudiante');
INSERT INTO perfilestudiante (id_usuario, edad, nivel_educativo, ocupacion) VALUES (57, 48, 'Técnico', 'Supervisor de planta');
INSERT INTO usuario (id_usuario, nombre, apellido, correo, contraseña, rol) VALUES (58, 'Loida', 'Amigó', 'loida.amigó58@sematec.edu.pe', 'password123', 'estudiante');
INSERT INTO perfilestudiante (id_usuario, edad, nivel_educativo, ocupacion) VALUES (58, 18, 'Secundaria', 'Operador de maquinaria');
INSERT INTO usuario (id_usuario, nombre, apellido, correo, contraseña, rol) VALUES (59, 'América', 'Jerez', 'américa.jerez59@sematec.edu.pe', 'password123', 'estudiante');
INSERT INTO perfilestudiante (id_usuario, edad, nivel_educativo, ocupacion) VALUES (59, 47, 'Secundaria', 'Operador de maquinaria');
INSERT INTO usuario (id_usuario, nombre, apellido, correo, contraseña, rol) VALUES (60, 'Bibiana', 'Pinedo', 'bibiana.pinedo60@sematec.edu.pe', 'password123', 'estudiante');
INSERT INTO perfilestudiante (id_usuario, edad, nivel_educativo, ocupacion) VALUES (60, 51, 'Secundaria', 'Supervisor de planta');
INSERT INTO usuario (id_usuario, nombre, apellido, correo, contraseña, rol) VALUES (61, 'Fito', 'Vicens', 'fito.vicens61@sematec.edu.pe', 'password123', 'estudiante');
INSERT INTO perfilestudiante (id_usuario, edad, nivel_educativo, ocupacion) VALUES (61, 51, 'Técnico', 'Estudiante');
INSERT INTO usuario (id_usuario, nombre, apellido, correo, contraseña, rol) VALUES (62, 'Camilo', 'Verdejo', 'camilo.verdejo62@sematec.edu.pe', 'password123', 'estudiante');
INSERT INTO perfilestudiante (id_usuario, edad, nivel_educativo, ocupacion) VALUES (62, 25, 'Técnico', 'Estudiante');
INSERT INTO usuario (id_usuario, nombre, apellido, correo, contraseña, rol) VALUES (63, 'Isidro', 'Sola', 'isidro.sola63@sematec.edu.pe', 'password123', 'estudiante');
INSERT INTO perfilestudiante (id_usuario, edad, nivel_educativo, ocupacion) VALUES (63, 27, 'Secundaria', 'Técnico hidráulico');
INSERT INTO usuario (id_usuario, nombre, apellido, correo, contraseña, rol) VALUES (64, 'Nélida', 'Vilanova', 'nélida.vilanova64@sematec.edu.pe', 'password123', 'estudiante');
INSERT INTO perfilestudiante (id_usuario, edad, nivel_educativo, ocupacion) VALUES (64, 32, 'Postgrado', 'Estudiante');
INSERT INTO usuario (id_usuario, nombre, apellido, correo, contraseña, rol) VALUES (65, 'Fanny', 'Camino', 'fanny.camino65@sematec.edu.pe', 'password123', 'estudiante');
INSERT INTO perfilestudiante (id_usuario, edad, nivel_educativo, ocupacion) VALUES (65, 18, 'Secundaria', 'Técnico hidráulico');
INSERT INTO usuario (id_usuario, nombre, apellido, correo, contraseña, rol) VALUES (66, 'Juanito', 'Balaguer', 'juanito.balaguer66@sematec.edu.pe', 'password123', 'estudiante');
INSERT INTO perfilestudiante (id_usuario, edad, nivel_educativo, ocupacion) VALUES (66, 43, 'Técnico', 'Supervisor de planta');
INSERT INTO usuario (id_usuario, nombre, apellido, correo, contraseña, rol) VALUES (67, 'Íngrid', 'Huguet', 'íngrid.huguet67@sematec.edu.pe', 'password123', 'estudiante');
INSERT INTO perfilestudiante (id_usuario, edad, nivel_educativo, ocupacion) VALUES (67, 30, 'Postgrado', 'Estudiante');
INSERT INTO usuario (id_usuario, nombre, apellido, correo, contraseña, rol) VALUES (68, 'Melisa', 'Samper', 'melisa.samper68@sematec.edu.pe', 'password123', 'estudiante');
INSERT INTO perfilestudiante (id_usuario, edad, nivel_educativo, ocupacion) VALUES (68, 51, 'Universitario', 'Supervisor de planta');
INSERT INTO usuario (id_usuario, nombre, apellido, correo, contraseña, rol) VALUES (69, 'Benjamín', 'Marqués', 'benjamín.marqués69@sematec.edu.pe', 'password123', 'estudiante');
INSERT INTO perfilestudiante (id_usuario, edad, nivel_educativo, ocupacion) VALUES (69, 27, 'Universitario', 'Operador de maquinaria');
INSERT INTO usuario (id_usuario, nombre, apellido, correo, contraseña, rol) VALUES (70, 'América', 'Velasco', 'américa.velasco70@sematec.edu.pe', 'password123', 'estudiante');
INSERT INTO perfilestudiante (id_usuario, edad, nivel_educativo, ocupacion) VALUES (70, 18, 'Universitario', 'Estudiante');
INSERT INTO usuario (id_usuario, nombre, apellido, correo, contraseña, rol) VALUES (71, 'Gustavo', 'Goicoechea', 'gustavo.goicoechea71@sematec.edu.pe', 'password123', 'estudiante');
INSERT INTO perfilestudiante (id_usuario, edad, nivel_educativo, ocupacion) VALUES (71, 22, 'Postgrado', 'Supervisor de planta');
INSERT INTO usuario (id_usuario, nombre, apellido, correo, contraseña, rol) VALUES (72, 'Ricarda', 'Valls', 'ricarda.valls72@sematec.edu.pe', 'password123', 'estudiante');
INSERT INTO perfilestudiante (id_usuario, edad, nivel_educativo, ocupacion) VALUES (72, 23, 'Técnico', 'Operador de maquinaria');
INSERT INTO usuario (id_usuario, nombre, apellido, correo, contraseña, rol) VALUES (73, 'Marcelino', 'Dávila', 'marcelino.dávila73@sematec.edu.pe', 'password123', 'estudiante');
INSERT INTO perfilestudiante (id_usuario, edad, nivel_educativo, ocupacion) VALUES (73, 41, 'Postgrado', 'Supervisor de planta');
INSERT INTO usuario (id_usuario, nombre, apellido, correo, contraseña, rol) VALUES (74, 'Nélida', 'Galán', 'nélida.galán74@sematec.edu.pe', 'password123', 'estudiante');
INSERT INTO perfilestudiante (id_usuario, edad, nivel_educativo, ocupacion) VALUES (74, 20, 'Universitario', 'Técnico hidráulico');
INSERT INTO usuario (id_usuario, nombre, apellido, correo, contraseña, rol) VALUES (75, 'Marisol', 'Milla', 'marisol.milla75@sematec.edu.pe', 'password123', 'estudiante');
INSERT INTO perfilestudiante (id_usuario, edad, nivel_educativo, ocupacion) VALUES (75, 37, 'Secundaria', 'Estudiante');
INSERT INTO usuario (id_usuario, nombre, apellido, correo, contraseña, rol) VALUES (76, 'Luz', 'Segura', 'luz.segura76@sematec.edu.pe', 'password123', 'estudiante');
INSERT INTO perfilestudiante (id_usuario, edad, nivel_educativo, ocupacion) VALUES (76, 20, 'Universitario', 'Mecánico');
INSERT INTO usuario (id_usuario, nombre, apellido, correo, contraseña, rol) VALUES (77, 'Berto', 'Ribera', 'berto.ribera77@sematec.edu.pe', 'password123', 'estudiante');
INSERT INTO perfilestudiante (id_usuario, edad, nivel_educativo, ocupacion) VALUES (77, 31, 'Universitario', 'Operador de maquinaria');
INSERT INTO usuario (id_usuario, nombre, apellido, correo, contraseña, rol) VALUES (78, 'Samuel', 'Nogués', 'samuel.nogués78@sematec.edu.pe', 'password123', 'estudiante');
INSERT INTO perfilestudiante (id_usuario, edad, nivel_educativo, ocupacion) VALUES (78, 18, 'Postgrado', 'Mecánico');
INSERT INTO usuario (id_usuario, nombre, apellido, correo, contraseña, rol) VALUES (79, 'Porfirio', 'Asensio', 'porfirio.asensio79@sematec.edu.pe', 'password123', 'estudiante');
INSERT INTO perfilestudiante (id_usuario, edad, nivel_educativo, ocupacion) VALUES (79, 33, 'Universitario', 'Supervisor de planta');
INSERT INTO usuario (id_usuario, nombre, apellido, correo, contraseña, rol) VALUES (80, 'Anna', 'Figueroa', 'anna.figueroa80@sematec.edu.pe', 'password123', 'estudiante');
INSERT INTO perfilestudiante (id_usuario, edad, nivel_educativo, ocupacion) VALUES (80, 44, 'Secundaria', 'Mecánico');
INSERT INTO usuario (id_usuario, nombre, apellido, correo, contraseña, rol) VALUES (81, 'Jennifer', 'Teruel', 'jennifer.teruel81@sematec.edu.pe', 'password123', 'estudiante');
INSERT INTO perfilestudiante (id_usuario, edad, nivel_educativo, ocupacion) VALUES (81, 45, 'Técnico', 'Supervisor de planta');
INSERT INTO usuario (id_usuario, nombre, apellido, correo, contraseña, rol) VALUES (82, 'Maricruz', 'Jerez', 'maricruz.jerez82@sematec.edu.pe', 'password123', 'estudiante');
INSERT INTO perfilestudiante (id_usuario, edad, nivel_educativo, ocupacion) VALUES (82, 30, 'Universitario', 'Supervisor de planta');
INSERT INTO usuario (id_usuario, nombre, apellido, correo, contraseña, rol) VALUES (83, 'Sara', 'Huerta', 'sara.huerta83@sematec.edu.pe', 'password123', 'estudiante');
INSERT INTO perfilestudiante (id_usuario, edad, nivel_educativo, ocupacion) VALUES (83, 43, 'Secundaria', 'Supervisor de planta');
INSERT INTO usuario (id_usuario, nombre, apellido, correo, contraseña, rol) VALUES (84, 'Pacífica', 'Manso', 'pacífica.manso84@sematec.edu.pe', 'password123', 'estudiante');
INSERT INTO perfilestudiante (id_usuario, edad, nivel_educativo, ocupacion) VALUES (84, 22, 'Universitario', 'Técnico hidráulico');
INSERT INTO usuario (id_usuario, nombre, apellido, correo, contraseña, rol) VALUES (85, 'Maxi', 'Viña', 'maxi.viña85@sematec.edu.pe', 'password123', 'estudiante');
INSERT INTO perfilestudiante (id_usuario, edad, nivel_educativo, ocupacion) VALUES (85, 54, 'Universitario', 'Técnico hidráulico');
INSERT INTO usuario (id_usuario, nombre, apellido, correo, contraseña, rol) VALUES (86, 'Abigaíl', 'Olivera', 'abigaíl.olivera86@sematec.edu.pe', 'password123', 'estudiante');
INSERT INTO perfilestudiante (id_usuario, edad, nivel_educativo, ocupacion) VALUES (86, 29, 'Universitario', 'Técnico hidráulico');
INSERT INTO usuario (id_usuario, nombre, apellido, correo, contraseña, rol) VALUES (87, 'Marisela', 'Casares', 'marisela.casares87@sematec.edu.pe', 'password123', 'estudiante');
INSERT INTO perfilestudiante (id_usuario, edad, nivel_educativo, ocupacion) VALUES (87, 34, 'Postgrado', 'Operador de maquinaria');
INSERT INTO usuario (id_usuario, nombre, apellido, correo, contraseña, rol) VALUES (88, 'Berto', 'Pérez', 'berto.pérez88@sematec.edu.pe', 'password123', 'estudiante');
INSERT INTO perfilestudiante (id_usuario, edad, nivel_educativo, ocupacion) VALUES (88, 20, 'Universitario', 'Operador de maquinaria');
INSERT INTO usuario (id_usuario, nombre, apellido, correo, contraseña, rol) VALUES (89, 'Rebeca', 'Torrijos', 'rebeca.torrijos89@sematec.edu.pe', 'password123', 'estudiante');
INSERT INTO perfilestudiante (id_usuario, edad, nivel_educativo, ocupacion) VALUES (89, 38, 'Postgrado', 'Supervisor de planta');
INSERT INTO usuario (id_usuario, nombre, apellido, correo, contraseña, rol) VALUES (90, 'Raúl', 'Gibert', 'raúl.gibert90@sematec.edu.pe', 'password123', 'estudiante');
INSERT INTO perfilestudiante (id_usuario, edad, nivel_educativo, ocupacion) VALUES (90, 55, 'Universitario', 'Operador de maquinaria');
INSERT INTO usuario (id_usuario, nombre, apellido, correo, contraseña, rol) VALUES (91, 'Leandro', 'Barón', 'leandro.barón91@sematec.edu.pe', 'password123', 'estudiante');
INSERT INTO perfilestudiante (id_usuario, edad, nivel_educativo, ocupacion) VALUES (91, 51, 'Secundaria', 'Técnico hidráulico');
INSERT INTO usuario (id_usuario, nombre, apellido, correo, contraseña, rol) VALUES (92, 'Carlito', 'Alegre', 'carlito.alegre92@sematec.edu.pe', 'password123', 'estudiante');
INSERT INTO perfilestudiante (id_usuario, edad, nivel_educativo, ocupacion) VALUES (92, 29, 'Secundaria', 'Operador de maquinaria');
INSERT INTO usuario (id_usuario, nombre, apellido, correo, contraseña, rol) VALUES (93, 'Virgilio', 'Piña', 'virgilio.piña93@sematec.edu.pe', 'password123', 'estudiante');
INSERT INTO perfilestudiante (id_usuario, edad, nivel_educativo, ocupacion) VALUES (93, 35, 'Técnico', 'Supervisor de planta');
INSERT INTO usuario (id_usuario, nombre, apellido, correo, contraseña, rol) VALUES (94, 'Buenaventura', 'Clavero', 'buenaventura.clavero94@sematec.edu.pe', 'password123', 'estudiante');
INSERT INTO perfilestudiante (id_usuario, edad, nivel_educativo, ocupacion) VALUES (94, 37, 'Postgrado', 'Técnico hidráulico');
INSERT INTO usuario (id_usuario, nombre, apellido, correo, contraseña, rol) VALUES (95, 'Tomasa', 'Manzano', 'tomasa.manzano95@sematec.edu.pe', 'password123', 'estudiante');
INSERT INTO perfilestudiante (id_usuario, edad, nivel_educativo, ocupacion) VALUES (95, 34, 'Universitario', 'Operador de maquinaria');
INSERT INTO usuario (id_usuario, nombre, apellido, correo, contraseña, rol) VALUES (96, 'Luis Ángel', 'Santana', 'luis ángel.santana96@sematec.edu.pe', 'password123', 'estudiante');
INSERT INTO perfilestudiante (id_usuario, edad, nivel_educativo, ocupacion) VALUES (96, 22, 'Técnico', 'Estudiante');
INSERT INTO usuario (id_usuario, nombre, apellido, correo, contraseña, rol) VALUES (97, 'Plinio', 'Pomares', 'plinio.pomares97@sematec.edu.pe', 'password123', 'estudiante');
INSERT INTO perfilestudiante (id_usuario, edad, nivel_educativo, ocupacion) VALUES (97, 42, 'Postgrado', 'Supervisor de planta');
INSERT INTO usuario (id_usuario, nombre, apellido, correo, contraseña, rol) VALUES (98, 'Consuelo', 'Sáenz', 'consuelo.sáenz98@sematec.edu.pe', 'password123', 'estudiante');
INSERT INTO perfilestudiante (id_usuario, edad, nivel_educativo, ocupacion) VALUES (98, 54, 'Postgrado', 'Mecánico');
INSERT INTO usuario (id_usuario, nombre, apellido, correo, contraseña, rol) VALUES (99, 'María Fernanda', 'Adán', 'maría fernanda.adán99@sematec.edu.pe', 'password123', 'estudiante');
INSERT INTO perfilestudiante (id_usuario, edad, nivel_educativo, ocupacion) VALUES (99, 43, 'Secundaria', 'Supervisor de planta');
INSERT INTO usuario (id_usuario, nombre, apellido, correo, contraseña, rol) VALUES (100, 'Pepita', 'Amaya', 'pepita.amaya100@sematec.edu.pe', 'password123', 'estudiante');
INSERT INTO perfilestudiante (id_usuario, edad, nivel_educativo, ocupacion) VALUES (100, 20, 'Universitario', 'Estudiante');
INSERT INTO usuario (id_usuario, nombre, apellido, correo, contraseña, rol) VALUES (101, 'Mirta', 'León', 'mirta.león101@sematec.edu.pe', 'password123', 'estudiante');
INSERT INTO perfilestudiante (id_usuario, edad, nivel_educativo, ocupacion) VALUES (101, 42, 'Técnico', 'Mecánico');
INSERT INTO usuario (id_usuario, nombre, apellido, correo, contraseña, rol) VALUES (102, 'Margarita', 'Aguilera', 'margarita.aguilera102@sematec.edu.pe', 'password123', 'estudiante');
INSERT INTO perfilestudiante (id_usuario, edad, nivel_educativo, ocupacion) VALUES (102, 43, 'Técnico', 'Estudiante');
INSERT INTO usuario (id_usuario, nombre, apellido, correo, contraseña, rol) VALUES (103, 'Haydée', 'Belmonte', 'haydée.belmonte103@sematec.edu.pe', 'password123', 'estudiante');
INSERT INTO perfilestudiante (id_usuario, edad, nivel_educativo, ocupacion) VALUES (103, 24, 'Universitario', 'Mecánico');
INSERT INTO usuario (id_usuario, nombre, apellido, correo, contraseña, rol) VALUES (104, 'Cruz', 'Luque', 'cruz.luque104@sematec.edu.pe', 'password123', 'estudiante');
INSERT INTO perfilestudiante (id_usuario, edad, nivel_educativo, ocupacion) VALUES (104, 38, 'Secundaria', 'Técnico hidráulico');
INSERT INTO usuario (id_usuario, nombre, apellido, correo, contraseña, rol) VALUES (105, 'Marisela', 'Mateu', 'marisela.mateu105@sematec.edu.pe', 'password123', 'estudiante');
INSERT INTO perfilestudiante (id_usuario, edad, nivel_educativo, ocupacion) VALUES (105, 41, 'Secundaria', 'Técnico hidráulico');
INSERT INTO usuario (id_usuario, nombre, apellido, correo, contraseña, rol) VALUES (106, 'Claudio', 'Sanz', 'claudio.sanz106@sematec.edu.pe', 'password123', 'estudiante');
INSERT INTO perfilestudiante (id_usuario, edad, nivel_educativo, ocupacion) VALUES (106, 42, 'Secundaria', 'Mecánico');
INSERT INTO usuario (id_usuario, nombre, apellido, correo, contraseña, rol) VALUES (107, 'Tania', 'Martínez', 'tania.martínez107@sematec.edu.pe', 'password123', 'estudiante');
INSERT INTO perfilestudiante (id_usuario, edad, nivel_educativo, ocupacion) VALUES (107, 34, 'Secundaria', 'Supervisor de planta');
INSERT INTO usuario (id_usuario, nombre, apellido, correo, contraseña, rol) VALUES (108, 'Cayetana', 'Casals', 'cayetana.casals108@sematec.edu.pe', 'password123', 'estudiante');
INSERT INTO perfilestudiante (id_usuario, edad, nivel_educativo, ocupacion) VALUES (108, 33, 'Secundaria', 'Operador de maquinaria');
INSERT INTO usuario (id_usuario, nombre, apellido, correo, contraseña, rol) VALUES (109, 'Nacio', 'Calderon', 'nacio.calderon109@sematec.edu.pe', 'password123', 'estudiante');
INSERT INTO perfilestudiante (id_usuario, edad, nivel_educativo, ocupacion) VALUES (109, 24, 'Técnico', 'Mecánico');
INSERT INTO usuario (id_usuario, nombre, apellido, correo, contraseña, rol) VALUES (110, 'Hermenegildo', 'Gras', 'hermenegildo.gras110@sematec.edu.pe', 'password123', 'estudiante');
INSERT INTO perfilestudiante (id_usuario, edad, nivel_educativo, ocupacion) VALUES (110, 55, 'Técnico', 'Estudiante');
INSERT INTO usuario (id_usuario, nombre, apellido, correo, contraseña, rol) VALUES (111, 'Calisto', 'Álvarez', 'calisto.álvarez111@sematec.edu.pe', 'password123', 'estudiante');
INSERT INTO perfilestudiante (id_usuario, edad, nivel_educativo, ocupacion) VALUES (111, 41, 'Postgrado', 'Técnico hidráulico');
INSERT INTO usuario (id_usuario, nombre, apellido, correo, contraseña, rol) VALUES (112, 'Rocío', 'Gálvez', 'rocío.gálvez112@sematec.edu.pe', 'password123', 'estudiante');
INSERT INTO perfilestudiante (id_usuario, edad, nivel_educativo, ocupacion) VALUES (112, 42, 'Técnico', 'Estudiante');
INSERT INTO usuario (id_usuario, nombre, apellido, correo, contraseña, rol) VALUES (113, 'Ximena', 'Alvarado', 'ximena.alvarado113@sematec.edu.pe', 'password123', 'estudiante');
INSERT INTO perfilestudiante (id_usuario, edad, nivel_educativo, ocupacion) VALUES (113, 50, 'Postgrado', 'Estudiante');
INSERT INTO usuario (id_usuario, nombre, apellido, correo, contraseña, rol) VALUES (114, 'Jenaro', 'Barrios', 'jenaro.barrios114@sematec.edu.pe', 'password123', 'estudiante');
INSERT INTO perfilestudiante (id_usuario, edad, nivel_educativo, ocupacion) VALUES (114, 38, 'Postgrado', 'Estudiante');
INSERT INTO usuario (id_usuario, nombre, apellido, correo, contraseña, rol) VALUES (115, 'Felicia', 'Sedano', 'felicia.sedano115@sematec.edu.pe', 'password123', 'estudiante');
INSERT INTO perfilestudiante (id_usuario, edad, nivel_educativo, ocupacion) VALUES (115, 46, 'Postgrado', 'Estudiante');
INSERT INTO usuario (id_usuario, nombre, apellido, correo, contraseña, rol) VALUES (116, 'Manuela', 'Vargas', 'manuela.vargas116@sematec.edu.pe', 'password123', 'estudiante');
INSERT INTO perfilestudiante (id_usuario, edad, nivel_educativo, ocupacion) VALUES (116, 53, 'Universitario', 'Estudiante');
INSERT INTO usuario (id_usuario, nombre, apellido, correo, contraseña, rol) VALUES (117, 'Desiderio', 'Nuñez', 'desiderio.nuñez117@sematec.edu.pe', 'password123', 'estudiante');
INSERT INTO perfilestudiante (id_usuario, edad, nivel_educativo, ocupacion) VALUES (117, 32, 'Universitario', 'Operador de maquinaria');
INSERT INTO usuario (id_usuario, nombre, apellido, correo, contraseña, rol) VALUES (118, 'Apolinar', 'Clemente', 'apolinar.clemente118@sematec.edu.pe', 'password123', 'estudiante');
INSERT INTO perfilestudiante (id_usuario, edad, nivel_educativo, ocupacion) VALUES (118, 27, 'Postgrado', 'Operador de maquinaria');
INSERT INTO usuario (id_usuario, nombre, apellido, correo, contraseña, rol) VALUES (119, 'Adriana', 'Vera', 'adriana.vera119@sematec.edu.pe', 'password123', 'estudiante');
INSERT INTO perfilestudiante (id_usuario, edad, nivel_educativo, ocupacion) VALUES (119, 37, 'Secundaria', 'Mecánico');
INSERT INTO usuario (id_usuario, nombre, apellido, correo, contraseña, rol) VALUES (120, 'Heriberto', 'Echevarría', 'heriberto.echevarría120@sematec.edu.pe', 'password123', 'estudiante');
INSERT INTO perfilestudiante (id_usuario, edad, nivel_educativo, ocupacion) VALUES (120, 35, 'Técnico', 'Estudiante');
INSERT INTO usuario (id_usuario, nombre, apellido, correo, contraseña, rol) VALUES (121, 'Merche', 'Castilla', 'merche.castilla121@sematec.edu.pe', 'password123', 'estudiante');
INSERT INTO perfilestudiante (id_usuario, edad, nivel_educativo, ocupacion) VALUES (121, 24, 'Técnico', 'Técnico hidráulico');
INSERT INTO usuario (id_usuario, nombre, apellido, correo, contraseña, rol) VALUES (122, 'Joaquina', 'Dueñas', 'joaquina.dueñas122@sematec.edu.pe', 'password123', 'estudiante');
INSERT INTO perfilestudiante (id_usuario, edad, nivel_educativo, ocupacion) VALUES (122, 30, 'Secundaria', 'Operador de maquinaria');
INSERT INTO usuario (id_usuario, nombre, apellido, correo, contraseña, rol) VALUES (123, 'Pacífica', 'Valera', 'pacífica.valera123@sematec.edu.pe', 'password123', 'estudiante');
INSERT INTO perfilestudiante (id_usuario, edad, nivel_educativo, ocupacion) VALUES (123, 29, 'Secundaria', 'Estudiante');
INSERT INTO usuario (id_usuario, nombre, apellido, correo, contraseña, rol) VALUES (124, 'Pilar', 'Alarcón', 'pilar.alarcón124@sematec.edu.pe', 'password123', 'estudiante');
INSERT INTO perfilestudiante (id_usuario, edad, nivel_educativo, ocupacion) VALUES (124, 41, 'Secundaria', 'Supervisor de planta');
INSERT INTO usuario (id_usuario, nombre, apellido, correo, contraseña, rol) VALUES (125, 'Isa', 'Campillo', 'isa.campillo125@sematec.edu.pe', 'password123', 'estudiante');
INSERT INTO perfilestudiante (id_usuario, edad, nivel_educativo, ocupacion) VALUES (125, 42, 'Secundaria', 'Estudiante');
INSERT INTO usuario (id_usuario, nombre, apellido, correo, contraseña, rol) VALUES (126, 'Dimas', 'Alberdi', 'dimas.alberdi126@sematec.edu.pe', 'password123', 'estudiante');
INSERT INTO perfilestudiante (id_usuario, edad, nivel_educativo, ocupacion) VALUES (126, 20, 'Técnico', 'Supervisor de planta');
INSERT INTO usuario (id_usuario, nombre, apellido, correo, contraseña, rol) VALUES (127, 'Fulgencio', 'Benavente', 'fulgencio.benavente127@sematec.edu.pe', 'password123', 'estudiante');
INSERT INTO perfilestudiante (id_usuario, edad, nivel_educativo, ocupacion) VALUES (127, 50, 'Universitario', 'Técnico hidráulico');
INSERT INTO usuario (id_usuario, nombre, apellido, correo, contraseña, rol) VALUES (128, 'Josué', 'Gárate', 'josué.gárate128@sematec.edu.pe', 'password123', 'estudiante');
INSERT INTO perfilestudiante (id_usuario, edad, nivel_educativo, ocupacion) VALUES (128, 48, 'Técnico', 'Técnico hidráulico');
INSERT INTO usuario (id_usuario, nombre, apellido, correo, contraseña, rol) VALUES (129, 'Eliseo', 'Galán', 'eliseo.galán129@sematec.edu.pe', 'password123', 'estudiante');
INSERT INTO perfilestudiante (id_usuario, edad, nivel_educativo, ocupacion) VALUES (129, 45, 'Postgrado', 'Operador de maquinaria');
INSERT INTO usuario (id_usuario, nombre, apellido, correo, contraseña, rol) VALUES (130, 'Teófila', 'Escribano', 'teófila.escribano130@sematec.edu.pe', 'password123', 'estudiante');
INSERT INTO perfilestudiante (id_usuario, edad, nivel_educativo, ocupacion) VALUES (130, 39, 'Secundaria', 'Estudiante');
INSERT INTO usuario (id_usuario, nombre, apellido, correo, contraseña, rol) VALUES (131, 'Felicia', 'Azcona', 'felicia.azcona131@sematec.edu.pe', 'password123', 'estudiante');
INSERT INTO perfilestudiante (id_usuario, edad, nivel_educativo, ocupacion) VALUES (131, 34, 'Técnico', 'Supervisor de planta');
INSERT INTO usuario (id_usuario, nombre, apellido, correo, contraseña, rol) VALUES (132, 'Daniela', 'Royo', 'daniela.royo132@sematec.edu.pe', 'password123', 'estudiante');
INSERT INTO perfilestudiante (id_usuario, edad, nivel_educativo, ocupacion) VALUES (132, 43, 'Postgrado', 'Operador de maquinaria');
INSERT INTO usuario (id_usuario, nombre, apellido, correo, contraseña, rol) VALUES (133, 'Malena', 'Arenas', 'malena.arenas133@sematec.edu.pe', 'password123', 'estudiante');
INSERT INTO perfilestudiante (id_usuario, edad, nivel_educativo, ocupacion) VALUES (133, 21, 'Técnico', 'Estudiante');
INSERT INTO usuario (id_usuario, nombre, apellido, correo, contraseña, rol) VALUES (134, 'Samu', 'Mendizábal', 'samu.mendizábal134@sematec.edu.pe', 'password123', 'estudiante');
INSERT INTO perfilestudiante (id_usuario, edad, nivel_educativo, ocupacion) VALUES (134, 39, 'Universitario', 'Supervisor de planta');
INSERT INTO usuario (id_usuario, nombre, apellido, correo, contraseña, rol) VALUES (135, 'Dafne', 'Cabello', 'dafne.cabello135@sematec.edu.pe', 'password123', 'estudiante');
INSERT INTO perfilestudiante (id_usuario, edad, nivel_educativo, ocupacion) VALUES (135, 35, 'Técnico', 'Técnico hidráulico');
INSERT INTO usuario (id_usuario, nombre, apellido, correo, contraseña, rol) VALUES (136, 'Goyo', 'Casal', 'goyo.casal136@sematec.edu.pe', 'password123', 'estudiante');
INSERT INTO perfilestudiante (id_usuario, edad, nivel_educativo, ocupacion) VALUES (136, 43, 'Secundaria', 'Supervisor de planta');
INSERT INTO usuario (id_usuario, nombre, apellido, correo, contraseña, rol) VALUES (137, 'Hortensia', 'Ribas', 'hortensia.ribas137@sematec.edu.pe', 'password123', 'estudiante');
INSERT INTO perfilestudiante (id_usuario, edad, nivel_educativo, ocupacion) VALUES (137, 26, 'Técnico', 'Técnico hidráulico');
INSERT INTO usuario (id_usuario, nombre, apellido, correo, contraseña, rol) VALUES (138, 'Crescencia', 'Tur', 'crescencia.tur138@sematec.edu.pe', 'password123', 'estudiante');
INSERT INTO perfilestudiante (id_usuario, edad, nivel_educativo, ocupacion) VALUES (138, 51, 'Secundaria', 'Mecánico');
INSERT INTO usuario (id_usuario, nombre, apellido, correo, contraseña, rol) VALUES (139, 'Carmela', 'Armengol', 'carmela.armengol139@sematec.edu.pe', 'password123', 'estudiante');
INSERT INTO perfilestudiante (id_usuario, edad, nivel_educativo, ocupacion) VALUES (139, 34, 'Secundaria', 'Operador de maquinaria');
INSERT INTO usuario (id_usuario, nombre, apellido, correo, contraseña, rol) VALUES (140, 'Ciríaco', 'Guzman', 'ciríaco.guzman140@sematec.edu.pe', 'password123', 'estudiante');
INSERT INTO perfilestudiante (id_usuario, edad, nivel_educativo, ocupacion) VALUES (140, 28, 'Universitario', 'Estudiante');
INSERT INTO usuario (id_usuario, nombre, apellido, correo, contraseña, rol) VALUES (141, 'Oriana', 'Jiménez', 'oriana.jiménez141@sematec.edu.pe', 'password123', 'estudiante');
INSERT INTO perfilestudiante (id_usuario, edad, nivel_educativo, ocupacion) VALUES (141, 47, 'Postgrado', 'Operador de maquinaria');
INSERT INTO usuario (id_usuario, nombre, apellido, correo, contraseña, rol) VALUES (142, 'Dani', 'Ibáñez', 'dani.ibáñez142@sematec.edu.pe', 'password123', 'estudiante');
INSERT INTO perfilestudiante (id_usuario, edad, nivel_educativo, ocupacion) VALUES (142, 24, 'Postgrado', 'Supervisor de planta');
INSERT INTO usuario (id_usuario, nombre, apellido, correo, contraseña, rol) VALUES (143, 'Carmelita', 'Seguí', 'carmelita.seguí143@sematec.edu.pe', 'password123', 'estudiante');
INSERT INTO perfilestudiante (id_usuario, edad, nivel_educativo, ocupacion) VALUES (143, 35, 'Secundaria', 'Técnico hidráulico');
INSERT INTO usuario (id_usuario, nombre, apellido, correo, contraseña, rol) VALUES (144, 'Narcisa', 'Castelló', 'narcisa.castelló144@sematec.edu.pe', 'password123', 'estudiante');
INSERT INTO perfilestudiante (id_usuario, edad, nivel_educativo, ocupacion) VALUES (144, 46, 'Secundaria', 'Estudiante');
INSERT INTO usuario (id_usuario, nombre, apellido, correo, contraseña, rol) VALUES (145, 'Dorotea', 'Cañizares', 'dorotea.cañizares145@sematec.edu.pe', 'password123', 'estudiante');
INSERT INTO perfilestudiante (id_usuario, edad, nivel_educativo, ocupacion) VALUES (145, 24, 'Postgrado', 'Supervisor de planta');
INSERT INTO usuario (id_usuario, nombre, apellido, correo, contraseña, rol) VALUES (146, 'Maxi', 'Saavedra', 'maxi.saavedra146@sematec.edu.pe', 'password123', 'estudiante');
INSERT INTO perfilestudiante (id_usuario, edad, nivel_educativo, ocupacion) VALUES (146, 36, 'Postgrado', 'Operador de maquinaria');
INSERT INTO usuario (id_usuario, nombre, apellido, correo, contraseña, rol) VALUES (147, 'Eduardo', 'Rios', 'eduardo.rios147@sematec.edu.pe', 'password123', 'estudiante');
INSERT INTO perfilestudiante (id_usuario, edad, nivel_educativo, ocupacion) VALUES (147, 48, 'Secundaria', 'Técnico hidráulico');
INSERT INTO usuario (id_usuario, nombre, apellido, correo, contraseña, rol) VALUES (148, 'Iván', 'Arana', 'iván.arana148@sematec.edu.pe', 'password123', 'estudiante');
INSERT INTO perfilestudiante (id_usuario, edad, nivel_educativo, ocupacion) VALUES (148, 25, 'Secundaria', 'Mecánico');
INSERT INTO usuario (id_usuario, nombre, apellido, correo, contraseña, rol) VALUES (149, 'Ana', 'Pi', 'ana.pi149@sematec.edu.pe', 'password123', 'estudiante');
INSERT INTO perfilestudiante (id_usuario, edad, nivel_educativo, ocupacion) VALUES (149, 33, 'Postgrado', 'Técnico hidráulico');
INSERT INTO usuario (id_usuario, nombre, apellido, correo, contraseña, rol) VALUES (150, 'Alba', 'Luís', 'alba.luís150@sematec.edu.pe', 'password123', 'estudiante');
INSERT INTO perfilestudiante (id_usuario, edad, nivel_educativo, ocupacion) VALUES (150, 53, 'Universitario', 'Operador de maquinaria');
INSERT INTO usuario (id_usuario, nombre, apellido, correo, contraseña, rol) VALUES (151, 'Amarilis', 'Morales', 'amarilis.morales151@sematec.edu.pe', 'password123', 'estudiante');
INSERT INTO perfilestudiante (id_usuario, edad, nivel_educativo, ocupacion) VALUES (151, 25, 'Universitario', 'Estudiante');
INSERT INTO usuario (id_usuario, nombre, apellido, correo, contraseña, rol) VALUES (152, 'Anita', 'Molins', 'anita.molins152@sematec.edu.pe', 'password123', 'estudiante');
INSERT INTO perfilestudiante (id_usuario, edad, nivel_educativo, ocupacion) VALUES (152, 47, 'Universitario', 'Supervisor de planta');
INSERT INTO usuario (id_usuario, nombre, apellido, correo, contraseña, rol) VALUES (153, 'Paca', 'Gil', 'paca.gil153@sematec.edu.pe', 'password123', 'estudiante');
INSERT INTO perfilestudiante (id_usuario, edad, nivel_educativo, ocupacion) VALUES (153, 47, 'Secundaria', 'Operador de maquinaria');
INSERT INTO usuario (id_usuario, nombre, apellido, correo, contraseña, rol) VALUES (154, 'Julia', 'Zamorano', 'julia.zamorano154@sematec.edu.pe', 'password123', 'estudiante');
INSERT INTO perfilestudiante (id_usuario, edad, nivel_educativo, ocupacion) VALUES (154, 25, 'Técnico', 'Supervisor de planta');
INSERT INTO usuario (id_usuario, nombre, apellido, correo, contraseña, rol) VALUES (155, 'Odalys', 'Conde', 'odalys.conde155@sematec.edu.pe', 'password123', 'estudiante');
INSERT INTO perfilestudiante (id_usuario, edad, nivel_educativo, ocupacion) VALUES (155, 37, 'Postgrado', 'Mecánico');
INSERT INTO usuario (id_usuario, nombre, apellido, correo, contraseña, rol) VALUES (156, 'Guadalupe', 'Mena', 'guadalupe.mena156@sematec.edu.pe', 'password123', 'estudiante');
INSERT INTO perfilestudiante (id_usuario, edad, nivel_educativo, ocupacion) VALUES (156, 18, 'Universitario', 'Técnico hidráulico');
INSERT INTO usuario (id_usuario, nombre, apellido, correo, contraseña, rol) VALUES (157, 'Morena', 'Coll', 'morena.coll157@sematec.edu.pe', 'password123', 'estudiante');
INSERT INTO perfilestudiante (id_usuario, edad, nivel_educativo, ocupacion) VALUES (157, 38, 'Postgrado', 'Operador de maquinaria');
INSERT INTO usuario (id_usuario, nombre, apellido, correo, contraseña, rol) VALUES (158, 'Ovidio', 'Posada', 'ovidio.posada158@sematec.edu.pe', 'password123', 'estudiante');
INSERT INTO perfilestudiante (id_usuario, edad, nivel_educativo, ocupacion) VALUES (158, 47, 'Postgrado', 'Técnico hidráulico');
INSERT INTO usuario (id_usuario, nombre, apellido, correo, contraseña, rol) VALUES (159, 'Vito', 'Roma', 'vito.roma159@sematec.edu.pe', 'password123', 'estudiante');
INSERT INTO perfilestudiante (id_usuario, edad, nivel_educativo, ocupacion) VALUES (159, 48, 'Postgrado', 'Operador de maquinaria');
INSERT INTO usuario (id_usuario, nombre, apellido, correo, contraseña, rol) VALUES (160, 'Loida', 'Velázquez', 'loida.velázquez160@sematec.edu.pe', 'password123', 'estudiante');
INSERT INTO perfilestudiante (id_usuario, edad, nivel_educativo, ocupacion) VALUES (160, 53, 'Postgrado', 'Técnico hidráulico');
INSERT INTO usuario (id_usuario, nombre, apellido, correo, contraseña, rol) VALUES (161, 'Consuela', 'Guijarro', 'consuela.guijarro161@sematec.edu.pe', 'password123', 'estudiante');
INSERT INTO perfilestudiante (id_usuario, edad, nivel_educativo, ocupacion) VALUES (161, 40, 'Universitario', 'Estudiante');
INSERT INTO usuario (id_usuario, nombre, apellido, correo, contraseña, rol) VALUES (162, 'Celso', 'Expósito', 'celso.expósito162@sematec.edu.pe', 'password123', 'estudiante');
INSERT INTO perfilestudiante (id_usuario, edad, nivel_educativo, ocupacion) VALUES (162, 46, 'Secundaria', 'Operador de maquinaria');
INSERT INTO usuario (id_usuario, nombre, apellido, correo, contraseña, rol) VALUES (163, 'Cristóbal', 'Enríquez', 'cristóbal.enríquez163@sematec.edu.pe', 'password123', 'estudiante');
INSERT INTO perfilestudiante (id_usuario, edad, nivel_educativo, ocupacion) VALUES (163, 26, 'Técnico', 'Técnico hidráulico');
INSERT INTO usuario (id_usuario, nombre, apellido, correo, contraseña, rol) VALUES (164, 'Óscar', 'Pareja', 'óscar.pareja164@sematec.edu.pe', 'password123', 'estudiante');
INSERT INTO perfilestudiante (id_usuario, edad, nivel_educativo, ocupacion) VALUES (164, 53, 'Técnico', 'Mecánico');
INSERT INTO usuario (id_usuario, nombre, apellido, correo, contraseña, rol) VALUES (165, 'Josep', 'Bas', 'josep.bas165@sematec.edu.pe', 'password123', 'estudiante');
INSERT INTO perfilestudiante (id_usuario, edad, nivel_educativo, ocupacion) VALUES (165, 39, 'Postgrado', 'Operador de maquinaria');
INSERT INTO usuario (id_usuario, nombre, apellido, correo, contraseña, rol) VALUES (166, 'Roxana', 'Segarra', 'roxana.segarra166@sematec.edu.pe', 'password123', 'estudiante');
INSERT INTO perfilestudiante (id_usuario, edad, nivel_educativo, ocupacion) VALUES (166, 20, 'Universitario', 'Técnico hidráulico');
INSERT INTO usuario (id_usuario, nombre, apellido, correo, contraseña, rol) VALUES (167, 'Hilda', 'Verdejo', 'hilda.verdejo167@sematec.edu.pe', 'password123', 'estudiante');
INSERT INTO perfilestudiante (id_usuario, edad, nivel_educativo, ocupacion) VALUES (167, 28, 'Secundaria', 'Mecánico');
INSERT INTO usuario (id_usuario, nombre, apellido, correo, contraseña, rol) VALUES (168, 'Chita', 'Larrea', 'chita.larrea168@sematec.edu.pe', 'password123', 'estudiante');
INSERT INTO perfilestudiante (id_usuario, edad, nivel_educativo, ocupacion) VALUES (168, 46, 'Secundaria', 'Estudiante');
INSERT INTO usuario (id_usuario, nombre, apellido, correo, contraseña, rol) VALUES (169, 'Ibán', 'Ibáñez', 'ibán.ibáñez169@sematec.edu.pe', 'password123', 'estudiante');
INSERT INTO perfilestudiante (id_usuario, edad, nivel_educativo, ocupacion) VALUES (169, 46, 'Técnico', 'Supervisor de planta');
INSERT INTO usuario (id_usuario, nombre, apellido, correo, contraseña, rol) VALUES (170, 'Aurelio', 'Garay', 'aurelio.garay170@sematec.edu.pe', 'password123', 'estudiante');
INSERT INTO perfilestudiante (id_usuario, edad, nivel_educativo, ocupacion) VALUES (170, 19, 'Universitario', 'Estudiante');
INSERT INTO usuario (id_usuario, nombre, apellido, correo, contraseña, rol) VALUES (171, 'Tamara', 'Palomo', 'tamara.palomo171@sematec.edu.pe', 'password123', 'estudiante');
INSERT INTO perfilestudiante (id_usuario, edad, nivel_educativo, ocupacion) VALUES (171, 49, 'Postgrado', 'Técnico hidráulico');
INSERT INTO usuario (id_usuario, nombre, apellido, correo, contraseña, rol) VALUES (172, 'Josué', 'Piñeiro', 'josué.piñeiro172@sematec.edu.pe', 'password123', 'estudiante');
INSERT INTO perfilestudiante (id_usuario, edad, nivel_educativo, ocupacion) VALUES (172, 45, 'Universitario', 'Supervisor de planta');
INSERT INTO usuario (id_usuario, nombre, apellido, correo, contraseña, rol) VALUES (173, 'Pablo', 'Gomis', 'pablo.gomis173@sematec.edu.pe', 'password123', 'estudiante');
INSERT INTO perfilestudiante (id_usuario, edad, nivel_educativo, ocupacion) VALUES (173, 35, 'Secundaria', 'Técnico hidráulico');
INSERT INTO usuario (id_usuario, nombre, apellido, correo, contraseña, rol) VALUES (174, 'Griselda', 'Chaves', 'griselda.chaves174@sematec.edu.pe', 'password123', 'estudiante');
INSERT INTO perfilestudiante (id_usuario, edad, nivel_educativo, ocupacion) VALUES (174, 29, 'Postgrado', 'Operador de maquinaria');
INSERT INTO usuario (id_usuario, nombre, apellido, correo, contraseña, rol) VALUES (175, 'Hortensia', 'Vila', 'hortensia.vila175@sematec.edu.pe', 'password123', 'estudiante');
INSERT INTO perfilestudiante (id_usuario, edad, nivel_educativo, ocupacion) VALUES (175, 34, 'Técnico', 'Técnico hidráulico');
INSERT INTO usuario (id_usuario, nombre, apellido, correo, contraseña, rol) VALUES (176, 'Teodoro', 'Camino', 'teodoro.camino176@sematec.edu.pe', 'password123', 'estudiante');
INSERT INTO perfilestudiante (id_usuario, edad, nivel_educativo, ocupacion) VALUES (176, 20, 'Técnico', 'Mecánico');
INSERT INTO usuario (id_usuario, nombre, apellido, correo, contraseña, rol) VALUES (177, 'Remigio', 'Vicente', 'remigio.vicente177@sematec.edu.pe', 'password123', 'estudiante');
INSERT INTO perfilestudiante (id_usuario, edad, nivel_educativo, ocupacion) VALUES (177, 43, 'Secundaria', 'Mecánico');
INSERT INTO usuario (id_usuario, nombre, apellido, correo, contraseña, rol) VALUES (178, 'Sebastian', 'Nogués', 'sebastian.nogués178@sematec.edu.pe', 'password123', 'estudiante');
INSERT INTO perfilestudiante (id_usuario, edad, nivel_educativo, ocupacion) VALUES (178, 33, 'Secundaria', 'Supervisor de planta');
INSERT INTO usuario (id_usuario, nombre, apellido, correo, contraseña, rol) VALUES (179, 'Ceferino', 'Casanova', 'ceferino.casanova179@sematec.edu.pe', 'password123', 'estudiante');
INSERT INTO perfilestudiante (id_usuario, edad, nivel_educativo, ocupacion) VALUES (179, 47, 'Técnico', 'Mecánico');
INSERT INTO usuario (id_usuario, nombre, apellido, correo, contraseña, rol) VALUES (180, 'Jose Carlos', 'Vives', 'jose carlos.vives180@sematec.edu.pe', 'password123', 'estudiante');
INSERT INTO perfilestudiante (id_usuario, edad, nivel_educativo, ocupacion) VALUES (180, 24, 'Universitario', 'Operador de maquinaria');
INSERT INTO usuario (id_usuario, nombre, apellido, correo, contraseña, rol) VALUES (181, 'Paz', 'Alcázar', 'paz.alcázar181@sematec.edu.pe', 'password123', 'estudiante');
INSERT INTO perfilestudiante (id_usuario, edad, nivel_educativo, ocupacion) VALUES (181, 19, 'Secundaria', 'Mecánico');
INSERT INTO usuario (id_usuario, nombre, apellido, correo, contraseña, rol) VALUES (182, 'Hilario', 'Mendoza', 'hilario.mendoza182@sematec.edu.pe', 'password123', 'estudiante');
INSERT INTO perfilestudiante (id_usuario, edad, nivel_educativo, ocupacion) VALUES (182, 28, 'Secundaria', 'Supervisor de planta');
INSERT INTO usuario (id_usuario, nombre, apellido, correo, contraseña, rol) VALUES (183, 'Yolanda', 'Valderrama', 'yolanda.valderrama183@sematec.edu.pe', 'password123', 'estudiante');
INSERT INTO perfilestudiante (id_usuario, edad, nivel_educativo, ocupacion) VALUES (183, 46, 'Secundaria', 'Técnico hidráulico');
INSERT INTO usuario (id_usuario, nombre, apellido, correo, contraseña, rol) VALUES (184, 'Espiridión', 'Borrás', 'espiridión.borrás184@sematec.edu.pe', 'password123', 'estudiante');
INSERT INTO perfilestudiante (id_usuario, edad, nivel_educativo, ocupacion) VALUES (184, 55, 'Postgrado', 'Operador de maquinaria');
INSERT INTO usuario (id_usuario, nombre, apellido, correo, contraseña, rol) VALUES (185, 'Salomé', 'Moya', 'salomé.moya185@sematec.edu.pe', 'password123', 'estudiante');
INSERT INTO perfilestudiante (id_usuario, edad, nivel_educativo, ocupacion) VALUES (185, 28, 'Universitario', 'Mecánico');
INSERT INTO usuario (id_usuario, nombre, apellido, correo, contraseña, rol) VALUES (186, 'Margarita', 'Azorin', 'margarita.azorin186@sematec.edu.pe', 'password123', 'estudiante');
INSERT INTO perfilestudiante (id_usuario, edad, nivel_educativo, ocupacion) VALUES (186, 48, 'Universitario', 'Mecánico');
INSERT INTO usuario (id_usuario, nombre, apellido, correo, contraseña, rol) VALUES (187, 'Angelina', 'Fuertes', 'angelina.fuertes187@sematec.edu.pe', 'password123', 'estudiante');
INSERT INTO perfilestudiante (id_usuario, edad, nivel_educativo, ocupacion) VALUES (187, 35, 'Secundaria', 'Estudiante');
INSERT INTO usuario (id_usuario, nombre, apellido, correo, contraseña, rol) VALUES (188, 'Bruno', 'Carpio', 'bruno.carpio188@sematec.edu.pe', 'password123', 'estudiante');
INSERT INTO perfilestudiante (id_usuario, edad, nivel_educativo, ocupacion) VALUES (188, 32, 'Universitario', 'Estudiante');
INSERT INTO usuario (id_usuario, nombre, apellido, correo, contraseña, rol) VALUES (189, 'Joel', 'León', 'joel.león189@sematec.edu.pe', 'password123', 'estudiante');
INSERT INTO perfilestudiante (id_usuario, edad, nivel_educativo, ocupacion) VALUES (189, 43, 'Universitario', 'Mecánico');
INSERT INTO usuario (id_usuario, nombre, apellido, correo, contraseña, rol) VALUES (190, 'Teo', 'Rosell', 'teo.rosell190@sematec.edu.pe', 'password123', 'estudiante');
INSERT INTO perfilestudiante (id_usuario, edad, nivel_educativo, ocupacion) VALUES (190, 19, 'Universitario', 'Mecánico');
INSERT INTO usuario (id_usuario, nombre, apellido, correo, contraseña, rol) VALUES (191, 'Juan', 'Taboada', 'juan.taboada191@sematec.edu.pe', 'password123', 'estudiante');
INSERT INTO perfilestudiante (id_usuario, edad, nivel_educativo, ocupacion) VALUES (191, 38, 'Postgrado', 'Supervisor de planta');
INSERT INTO usuario (id_usuario, nombre, apellido, correo, contraseña, rol) VALUES (192, 'Nando', 'Cañete', 'nando.cañete192@sematec.edu.pe', 'password123', 'estudiante');
INSERT INTO perfilestudiante (id_usuario, edad, nivel_educativo, ocupacion) VALUES (192, 27, 'Postgrado', 'Operador de maquinaria');
INSERT INTO usuario (id_usuario, nombre, apellido, correo, contraseña, rol) VALUES (193, 'Leopoldo', 'Melero', 'leopoldo.melero193@sematec.edu.pe', 'password123', 'estudiante');
INSERT INTO perfilestudiante (id_usuario, edad, nivel_educativo, ocupacion) VALUES (193, 19, 'Técnico', 'Técnico hidráulico');
INSERT INTO usuario (id_usuario, nombre, apellido, correo, contraseña, rol) VALUES (194, 'Cleto', 'Blanco', 'cleto.blanco194@sematec.edu.pe', 'password123', 'estudiante');
INSERT INTO perfilestudiante (id_usuario, edad, nivel_educativo, ocupacion) VALUES (194, 45, 'Secundaria', 'Mecánico');
INSERT INTO usuario (id_usuario, nombre, apellido, correo, contraseña, rol) VALUES (195, 'Máxima', 'Azorin', 'máxima.azorin195@sematec.edu.pe', 'password123', 'estudiante');
INSERT INTO perfilestudiante (id_usuario, edad, nivel_educativo, ocupacion) VALUES (195, 31, 'Secundaria', 'Técnico hidráulico');
INSERT INTO usuario (id_usuario, nombre, apellido, correo, contraseña, rol) VALUES (196, 'Guiomar', 'Céspedes', 'guiomar.céspedes196@sematec.edu.pe', 'password123', 'estudiante');
INSERT INTO perfilestudiante (id_usuario, edad, nivel_educativo, ocupacion) VALUES (196, 21, 'Secundaria', 'Mecánico');
INSERT INTO usuario (id_usuario, nombre, apellido, correo, contraseña, rol) VALUES (197, 'Roxana', 'Barberá', 'roxana.barberá197@sematec.edu.pe', 'password123', 'estudiante');
INSERT INTO perfilestudiante (id_usuario, edad, nivel_educativo, ocupacion) VALUES (197, 26, 'Técnico', 'Estudiante');
INSERT INTO usuario (id_usuario, nombre, apellido, correo, contraseña, rol) VALUES (198, 'Roxana', 'Cárdenas', 'roxana.cárdenas198@sematec.edu.pe', 'password123', 'estudiante');
INSERT INTO perfilestudiante (id_usuario, edad, nivel_educativo, ocupacion) VALUES (198, 18, 'Secundaria', 'Técnico hidráulico');
INSERT INTO usuario (id_usuario, nombre, apellido, correo, contraseña, rol) VALUES (199, 'Loreto', 'Aguiló', 'loreto.aguiló199@sematec.edu.pe', 'password123', 'estudiante');
INSERT INTO perfilestudiante (id_usuario, edad, nivel_educativo, ocupacion) VALUES (199, 21, 'Universitario', 'Estudiante');
INSERT INTO usuario (id_usuario, nombre, apellido, correo, contraseña, rol) VALUES (200, 'Macario', 'Morata', 'macario.morata200@sematec.edu.pe', 'password123', 'estudiante');
INSERT INTO perfilestudiante (id_usuario, edad, nivel_educativo, ocupacion) VALUES (200, 31, 'Técnico', 'Operador de maquinaria');
INSERT INTO usuario (id_usuario, nombre, apellido, correo, contraseña, rol) VALUES (201, 'Teófilo', 'Ferrández', 'teófilo.ferrández201@sematec.edu.pe', 'password123', 'estudiante');
INSERT INTO perfilestudiante (id_usuario, edad, nivel_educativo, ocupacion) VALUES (201, 46, 'Universitario', 'Estudiante');
INSERT INTO usuario (id_usuario, nombre, apellido, correo, contraseña, rol) VALUES (202, 'Pelayo', 'Vergara', 'pelayo.vergara202@sematec.edu.pe', 'password123', 'estudiante');
INSERT INTO perfilestudiante (id_usuario, edad, nivel_educativo, ocupacion) VALUES (202, 53, 'Secundaria', 'Operador de maquinaria');
INSERT INTO usuario (id_usuario, nombre, apellido, correo, contraseña, rol) VALUES (203, 'Santiago', 'Llabrés', 'santiago.llabrés203@sematec.edu.pe', 'password123', 'estudiante');
INSERT INTO perfilestudiante (id_usuario, edad, nivel_educativo, ocupacion) VALUES (203, 20, 'Secundaria', 'Operador de maquinaria');
INSERT INTO usuario (id_usuario, nombre, apellido, correo, contraseña, rol) VALUES (204, 'Mariana', 'Cano', 'mariana.cano204@sematec.edu.pe', 'password123', 'estudiante');
INSERT INTO perfilestudiante (id_usuario, edad, nivel_educativo, ocupacion) VALUES (204, 19, 'Universitario', 'Técnico hidráulico');
INSERT INTO usuario (id_usuario, nombre, apellido, correo, contraseña, rol) VALUES (205, 'Micaela', 'Téllez', 'micaela.téllez205@sematec.edu.pe', 'password123', 'estudiante');
INSERT INTO perfilestudiante (id_usuario, edad, nivel_educativo, ocupacion) VALUES (205, 55, 'Postgrado', 'Estudiante');
INSERT INTO usuario (id_usuario, nombre, apellido, correo, contraseña, rol) VALUES (206, 'Cleto', 'Alfaro', 'cleto.alfaro206@sematec.edu.pe', 'password123', 'estudiante');
INSERT INTO perfilestudiante (id_usuario, edad, nivel_educativo, ocupacion) VALUES (206, 36, 'Técnico', 'Mecánico');
INSERT INTO usuario (id_usuario, nombre, apellido, correo, contraseña, rol) VALUES (207, 'Guiomar', 'Tovar', 'guiomar.tovar207@sematec.edu.pe', 'password123', 'estudiante');
INSERT INTO perfilestudiante (id_usuario, edad, nivel_educativo, ocupacion) VALUES (207, 54, 'Secundaria', 'Operador de maquinaria');
INSERT INTO usuario (id_usuario, nombre, apellido, correo, contraseña, rol) VALUES (208, 'Chelo', 'Garay', 'chelo.garay208@sematec.edu.pe', 'password123', 'estudiante');
INSERT INTO perfilestudiante (id_usuario, edad, nivel_educativo, ocupacion) VALUES (208, 53, 'Postgrado', 'Mecánico');
INSERT INTO usuario (id_usuario, nombre, apellido, correo, contraseña, rol) VALUES (209, 'Maribel', 'Cornejo', 'maribel.cornejo209@sematec.edu.pe', 'password123', 'estudiante');
INSERT INTO perfilestudiante (id_usuario, edad, nivel_educativo, ocupacion) VALUES (209, 48, 'Secundaria', 'Estudiante');
INSERT INTO usuario (id_usuario, nombre, apellido, correo, contraseña, rol) VALUES (210, 'Carmina', 'Jimenez', 'carmina.jimenez210@sematec.edu.pe', 'password123', 'estudiante');
INSERT INTO perfilestudiante (id_usuario, edad, nivel_educativo, ocupacion) VALUES (210, 25, 'Postgrado', 'Supervisor de planta');
INSERT INTO usuario (id_usuario, nombre, apellido, correo, contraseña, rol) VALUES (211, 'Miguel', 'Villegas', 'miguel.villegas211@sematec.edu.pe', 'password123', 'estudiante');
INSERT INTO perfilestudiante (id_usuario, edad, nivel_educativo, ocupacion) VALUES (211, 20, 'Secundaria', 'Técnico hidráulico');
INSERT INTO usuario (id_usuario, nombre, apellido, correo, contraseña, rol) VALUES (212, 'Armida', 'Pons', 'armida.pons212@sematec.edu.pe', 'password123', 'estudiante');
INSERT INTO perfilestudiante (id_usuario, edad, nivel_educativo, ocupacion) VALUES (212, 19, 'Universitario', 'Operador de maquinaria');
INSERT INTO usuario (id_usuario, nombre, apellido, correo, contraseña, rol) VALUES (213, 'Amado', 'Llorente', 'amado.llorente213@sematec.edu.pe', 'password123', 'estudiante');
INSERT INTO perfilestudiante (id_usuario, edad, nivel_educativo, ocupacion) VALUES (213, 24, 'Universitario', 'Operador de maquinaria');
INSERT INTO usuario (id_usuario, nombre, apellido, correo, contraseña, rol) VALUES (214, 'María Jesús', 'Puga', 'maría jesús.puga214@sematec.edu.pe', 'password123', 'estudiante');
INSERT INTO perfilestudiante (id_usuario, edad, nivel_educativo, ocupacion) VALUES (214, 55, 'Postgrado', 'Técnico hidráulico');
INSERT INTO usuario (id_usuario, nombre, apellido, correo, contraseña, rol) VALUES (215, 'Bernabé', 'Giralt', 'bernabé.giralt215@sematec.edu.pe', 'password123', 'estudiante');
INSERT INTO perfilestudiante (id_usuario, edad, nivel_educativo, ocupacion) VALUES (215, 40, 'Universitario', 'Técnico hidráulico');
INSERT INTO usuario (id_usuario, nombre, apellido, correo, contraseña, rol) VALUES (216, 'Cristian', 'Mas', 'cristian.mas216@sematec.edu.pe', 'password123', 'estudiante');
INSERT INTO perfilestudiante (id_usuario, edad, nivel_educativo, ocupacion) VALUES (216, 21, 'Secundaria', 'Estudiante');
INSERT INTO usuario (id_usuario, nombre, apellido, correo, contraseña, rol) VALUES (217, 'Marcelino', 'Abellán', 'marcelino.abellán217@sematec.edu.pe', 'password123', 'estudiante');
INSERT INTO perfilestudiante (id_usuario, edad, nivel_educativo, ocupacion) VALUES (217, 48, 'Universitario', 'Operador de maquinaria');
INSERT INTO usuario (id_usuario, nombre, apellido, correo, contraseña, rol) VALUES (218, 'Hipólito', 'Salvà', 'hipólito.salvà218@sematec.edu.pe', 'password123', 'estudiante');
INSERT INTO perfilestudiante (id_usuario, edad, nivel_educativo, ocupacion) VALUES (218, 55, 'Postgrado', 'Supervisor de planta');
INSERT INTO usuario (id_usuario, nombre, apellido, correo, contraseña, rol) VALUES (219, 'Hernando', 'Roselló', 'hernando.roselló219@sematec.edu.pe', 'password123', 'estudiante');
INSERT INTO perfilestudiante (id_usuario, edad, nivel_educativo, ocupacion) VALUES (219, 41, 'Postgrado', 'Supervisor de planta');
INSERT INTO usuario (id_usuario, nombre, apellido, correo, contraseña, rol) VALUES (220, 'Isabela', 'Amigó', 'isabela.amigó220@sematec.edu.pe', 'password123', 'estudiante');
INSERT INTO perfilestudiante (id_usuario, edad, nivel_educativo, ocupacion) VALUES (220, 19, 'Secundaria', 'Técnico hidráulico');
INSERT INTO usuario (id_usuario, nombre, apellido, correo, contraseña, rol) VALUES (221, 'Eliana', 'Fuster', 'eliana.fuster221@sematec.edu.pe', 'password123', 'estudiante');
INSERT INTO perfilestudiante (id_usuario, edad, nivel_educativo, ocupacion) VALUES (221, 46, 'Postgrado', 'Supervisor de planta');
INSERT INTO inscripcion (id_inscripcion, id_usuario, id_curso, fecha_inscripcion, estado) VALUES (1, 7, 1, '2025-05-11', 'activo');
INSERT INTO avancecurso (id_avance, id_inscripcion, modulo, porcentaje, fecha) VALUES (1, 1, 'Módulo 5', 52, '2025-02-19');
INSERT INTO avancecurso (id_avance, id_inscripcion, modulo, porcentaje, fecha) VALUES (2, 1, 'Módulo 4', 78, '2025-04-04');
INSERT INTO avancecurso (id_avance, id_inscripcion, modulo, porcentaje, fecha) VALUES (3, 1, 'Módulo 5', 59, '2025-05-25');
INSERT INTO avancecurso (id_avance, id_inscripcion, modulo, porcentaje, fecha) VALUES (4, 1, 'Módulo 5', 70, '2025-04-12');
INSERT INTO evaluacion (id_evaluacion, id_curso, titulo, fecha) VALUES (1, 1, 'Evaluación final curso 1', '2025-03-08');
INSERT INTO resultadoevaluacion (id_resultado, id_evaluacion, id_usuario, puntaje) VALUES (1, 1, 7, 52.10);
INSERT INTO inscripcion (id_inscripcion, id_usuario, id_curso, fecha_inscripcion, estado) VALUES (2, 8, 1, '2025-01-27', 'activo');
INSERT INTO avancecurso (id_avance, id_inscripcion, modulo, porcentaje, fecha) VALUES (5, 2, 'Módulo 5', 21, '2025-06-25');
INSERT INTO avancecurso (id_avance, id_inscripcion, modulo, porcentaje, fecha) VALUES (6, 2, 'Módulo 6', 93, '2025-01-03');
INSERT INTO avancecurso (id_avance, id_inscripcion, modulo, porcentaje, fecha) VALUES (7, 2, 'Módulo 4', 53, '2025-02-13');
INSERT INTO evaluacion (id_evaluacion, id_curso, titulo, fecha) VALUES (2, 1, 'Evaluación final curso 1', '2025-01-19');
INSERT INTO resultadoevaluacion (id_resultado, id_evaluacion, id_usuario, puntaje) VALUES (2, 1, 8, 76.15);
INSERT INTO inscripcion (id_inscripcion, id_usuario, id_curso, fecha_inscripcion, estado) VALUES (3, 9, 1, '2025-03-22', 'activo');
INSERT INTO avancecurso (id_avance, id_inscripcion, modulo, porcentaje, fecha) VALUES (8, 3, 'Módulo 2', 15, '2025-06-28');
INSERT INTO avancecurso (id_avance, id_inscripcion, modulo, porcentaje, fecha) VALUES (9, 3, 'Módulo 4', 40, '2025-04-27');
INSERT INTO avancecurso (id_avance, id_inscripcion, modulo, porcentaje, fecha) VALUES (10, 3, 'Módulo 3', 54, '2025-06-22');
INSERT INTO evaluacion (id_evaluacion, id_curso, titulo, fecha) VALUES (3, 1, 'Evaluación final curso 1', '2025-06-04');
INSERT INTO resultadoevaluacion (id_resultado, id_evaluacion, id_usuario, puntaje) VALUES (3, 1, 9, 98.71);
INSERT INTO inscripcion (id_inscripcion, id_usuario, id_curso, fecha_inscripcion, estado) VALUES (4, 10, 1, '2025-05-03', 'activo');
INSERT INTO avancecurso (id_avance, id_inscripcion, modulo, porcentaje, fecha) VALUES (11, 4, 'Módulo 4', 88, '2025-04-10');
INSERT INTO avancecurso (id_avance, id_inscripcion, modulo, porcentaje, fecha) VALUES (12, 4, 'Módulo 6', 58, '2025-03-27');
INSERT INTO avancecurso (id_avance, id_inscripcion, modulo, porcentaje, fecha) VALUES (13, 4, 'Módulo 1', 60, '2025-07-10');
INSERT INTO evaluacion (id_evaluacion, id_curso, titulo, fecha) VALUES (4, 1, 'Evaluación final curso 1', '2025-01-11');
INSERT INTO resultadoevaluacion (id_resultado, id_evaluacion, id_usuario, puntaje) VALUES (4, 1, 10, 70.60);
INSERT INTO inscripcion (id_inscripcion, id_usuario, id_curso, fecha_inscripcion, estado) VALUES (5, 11, 1, '2025-06-09', 'activo');
INSERT INTO avancecurso (id_avance, id_inscripcion, modulo, porcentaje, fecha) VALUES (14, 5, 'Módulo 4', 28, '2025-04-19');
INSERT INTO avancecurso (id_avance, id_inscripcion, modulo, porcentaje, fecha) VALUES (15, 5, 'Módulo 1', 19, '2025-04-19');
INSERT INTO avancecurso (id_avance, id_inscripcion, modulo, porcentaje, fecha) VALUES (16, 5, 'Módulo 6', 78, '2025-04-25');
INSERT INTO evaluacion (id_evaluacion, id_curso, titulo, fecha) VALUES (5, 1, 'Evaluación final curso 1', '2025-05-29');
INSERT INTO resultadoevaluacion (id_resultado, id_evaluacion, id_usuario, puntaje) VALUES (5, 1, 11, 83.76);
INSERT INTO inscripcion (id_inscripcion, id_usuario, id_curso, fecha_inscripcion, estado) VALUES (6, 12, 1, '2025-04-27', 'activo');
INSERT INTO avancecurso (id_avance, id_inscripcion, modulo, porcentaje, fecha) VALUES (17, 6, 'Módulo 4', 43, '2025-05-29');
INSERT INTO avancecurso (id_avance, id_inscripcion, modulo, porcentaje, fecha) VALUES (18, 6, 'Módulo 4', 12, '2025-06-19');
INSERT INTO avancecurso (id_avance, id_inscripcion, modulo, porcentaje, fecha) VALUES (19, 6, 'Módulo 2', 34, '2025-01-16');
INSERT INTO avancecurso (id_avance, id_inscripcion, modulo, porcentaje, fecha) VALUES (20, 6, 'Módulo 2', 21, '2025-07-08');
INSERT INTO evaluacion (id_evaluacion, id_curso, titulo, fecha) VALUES (6, 1, 'Evaluación final curso 1', '2025-01-20');
INSERT INTO resultadoevaluacion (id_resultado, id_evaluacion, id_usuario, puntaje) VALUES (6, 1, 12, 54.70);
INSERT INTO inscripcion (id_inscripcion, id_usuario, id_curso, fecha_inscripcion, estado) VALUES (7, 13, 1, '2025-04-15', 'activo');
INSERT INTO avancecurso (id_avance, id_inscripcion, modulo, porcentaje, fecha) VALUES (21, 7, 'Módulo 6', 14, '2025-03-14');
INSERT INTO avancecurso (id_avance, id_inscripcion, modulo, porcentaje, fecha) VALUES (22, 7, 'Módulo 2', 51, '2025-01-14');
INSERT INTO avancecurso (id_avance, id_inscripcion, modulo, porcentaje, fecha) VALUES (23, 7, 'Módulo 6', 99, '2025-04-20');
INSERT INTO avancecurso (id_avance, id_inscripcion, modulo, porcentaje, fecha) VALUES (24, 7, 'Módulo 2', 29, '2025-05-03');
INSERT INTO evaluacion (id_evaluacion, id_curso, titulo, fecha) VALUES (7, 1, 'Evaluación final curso 1', '2025-01-01');
INSERT INTO resultadoevaluacion (id_resultado, id_evaluacion, id_usuario, puntaje) VALUES (7, 1, 13, 51.42);
INSERT INTO inscripcion (id_inscripcion, id_usuario, id_curso, fecha_inscripcion, estado) VALUES (8, 14, 1, '2025-05-31', 'activo');
INSERT INTO avancecurso (id_avance, id_inscripcion, modulo, porcentaje, fecha) VALUES (25, 8, 'Módulo 6', 56, '2025-05-10');
INSERT INTO avancecurso (id_avance, id_inscripcion, modulo, porcentaje, fecha) VALUES (26, 8, 'Módulo 5', 61, '2025-01-25');
INSERT INTO avancecurso (id_avance, id_inscripcion, modulo, porcentaje, fecha) VALUES (27, 8, 'Módulo 1', 64, '2025-05-16');
INSERT INTO avancecurso (id_avance, id_inscripcion, modulo, porcentaje, fecha) VALUES (28, 8, 'Módulo 6', 92, '2025-02-11');
INSERT INTO evaluacion (id_evaluacion, id_curso, titulo, fecha) VALUES (8, 1, 'Evaluación final curso 1', '2025-01-01');
INSERT INTO resultadoevaluacion (id_resultado, id_evaluacion, id_usuario, puntaje) VALUES (8, 1, 14, 60.75);
INSERT INTO inscripcion (id_inscripcion, id_usuario, id_curso, fecha_inscripcion, estado) VALUES (9, 15, 1, '2025-02-18', 'activo');
INSERT INTO avancecurso (id_avance, id_inscripcion, modulo, porcentaje, fecha) VALUES (29, 9, 'Módulo 1', 37, '2025-03-18');
INSERT INTO avancecurso (id_avance, id_inscripcion, modulo, porcentaje, fecha) VALUES (30, 9, 'Módulo 1', 64, '2025-05-05');
INSERT INTO avancecurso (id_avance, id_inscripcion, modulo, porcentaje, fecha) VALUES (31, 9, 'Módulo 3', 15, '2025-02-18');
INSERT INTO evaluacion (id_evaluacion, id_curso, titulo, fecha) VALUES (9, 1, 'Evaluación final curso 1', '2025-01-31');
INSERT INTO resultadoevaluacion (id_resultado, id_evaluacion, id_usuario, puntaje) VALUES (9, 1, 15, 69.69);
INSERT INTO inscripcion (id_inscripcion, id_usuario, id_curso, fecha_inscripcion, estado) VALUES (10, 16, 1, '2025-05-31', 'activo');
INSERT INTO avancecurso (id_avance, id_inscripcion, modulo, porcentaje, fecha) VALUES (32, 10, 'Módulo 4', 57, '2025-04-24');
INSERT INTO avancecurso (id_avance, id_inscripcion, modulo, porcentaje, fecha) VALUES (33, 10, 'Módulo 4', 34, '2025-07-07');
INSERT INTO avancecurso (id_avance, id_inscripcion, modulo, porcentaje, fecha) VALUES (34, 10, 'Módulo 5', 30, '2025-02-26');
INSERT INTO avancecurso (id_avance, id_inscripcion, modulo, porcentaje, fecha) VALUES (35, 10, 'Módulo 4', 38, '2025-01-20');
INSERT INTO evaluacion (id_evaluacion, id_curso, titulo, fecha) VALUES (10, 1, 'Evaluación final curso 1', '2025-05-06');
INSERT INTO resultadoevaluacion (id_resultado, id_evaluacion, id_usuario, puntaje) VALUES (10, 1, 16, 64.34);
INSERT INTO inscripcion (id_inscripcion, id_usuario, id_curso, fecha_inscripcion, estado) VALUES (11, 17, 1, '2025-02-28', 'activo');
INSERT INTO avancecurso (id_avance, id_inscripcion, modulo, porcentaje, fecha) VALUES (36, 11, 'Módulo 5', 76, '2025-06-13');
INSERT INTO avancecurso (id_avance, id_inscripcion, modulo, porcentaje, fecha) VALUES (37, 11, 'Módulo 6', 15, '2025-05-13');
INSERT INTO avancecurso (id_avance, id_inscripcion, modulo, porcentaje, fecha) VALUES (38, 11, 'Módulo 1', 53, '2025-07-08');
INSERT INTO avancecurso (id_avance, id_inscripcion, modulo, porcentaje, fecha) VALUES (39, 11, 'Módulo 2', 63, '2025-04-02');
INSERT INTO evaluacion (id_evaluacion, id_curso, titulo, fecha) VALUES (11, 1, 'Evaluación final curso 1', '2025-04-19');
INSERT INTO resultadoevaluacion (id_resultado, id_evaluacion, id_usuario, puntaje) VALUES (11, 1, 17, 58.79);
INSERT INTO inscripcion (id_inscripcion, id_usuario, id_curso, fecha_inscripcion, estado) VALUES (12, 18, 1, '2025-04-14', 'activo');
INSERT INTO avancecurso (id_avance, id_inscripcion, modulo, porcentaje, fecha) VALUES (40, 12, 'Módulo 4', 99, '2025-07-01');
INSERT INTO avancecurso (id_avance, id_inscripcion, modulo, porcentaje, fecha) VALUES (41, 12, 'Módulo 1', 76, '2025-01-20');
INSERT INTO evaluacion (id_evaluacion, id_curso, titulo, fecha) VALUES (12, 1, 'Evaluación final curso 1', '2025-06-19');
INSERT INTO resultadoevaluacion (id_resultado, id_evaluacion, id_usuario, puntaje) VALUES (12, 1, 18, 46.16);
INSERT INTO inscripcion (id_inscripcion, id_usuario, id_curso, fecha_inscripcion, estado) VALUES (13, 19, 1, '2025-03-29', 'activo');
INSERT INTO avancecurso (id_avance, id_inscripcion, modulo, porcentaje, fecha) VALUES (42, 13, 'Módulo 1', 27, '2025-03-29');
INSERT INTO avancecurso (id_avance, id_inscripcion, modulo, porcentaje, fecha) VALUES (43, 13, 'Módulo 6', 16, '2025-02-27');
INSERT INTO avancecurso (id_avance, id_inscripcion, modulo, porcentaje, fecha) VALUES (44, 13, 'Módulo 2', 35, '2025-02-17');
INSERT INTO evaluacion (id_evaluacion, id_curso, titulo, fecha) VALUES (13, 1, 'Evaluación final curso 1', '2025-03-05');
INSERT INTO resultadoevaluacion (id_resultado, id_evaluacion, id_usuario, puntaje) VALUES (13, 1, 19, 85.04);
INSERT INTO inscripcion (id_inscripcion, id_usuario, id_curso, fecha_inscripcion, estado) VALUES (14, 20, 1, '2025-01-23', 'activo');
INSERT INTO avancecurso (id_avance, id_inscripcion, modulo, porcentaje, fecha) VALUES (45, 14, 'Módulo 5', 61, '2025-01-24');
INSERT INTO avancecurso (id_avance, id_inscripcion, modulo, porcentaje, fecha) VALUES (46, 14, 'Módulo 3', 60, '2025-02-24');
INSERT INTO avancecurso (id_avance, id_inscripcion, modulo, porcentaje, fecha) VALUES (47, 14, 'Módulo 5', 37, '2025-04-01');
INSERT INTO evaluacion (id_evaluacion, id_curso, titulo, fecha) VALUES (14, 1, 'Evaluación final curso 1', '2025-06-07');
INSERT INTO resultadoevaluacion (id_resultado, id_evaluacion, id_usuario, puntaje) VALUES (14, 1, 20, 45.70);
INSERT INTO inscripcion (id_inscripcion, id_usuario, id_curso, fecha_inscripcion, estado) VALUES (15, 21, 1, '2025-01-25', 'activo');
INSERT INTO avancecurso (id_avance, id_inscripcion, modulo, porcentaje, fecha) VALUES (48, 15, 'Módulo 1', 40, '2025-04-09');
INSERT INTO avancecurso (id_avance, id_inscripcion, modulo, porcentaje, fecha) VALUES (49, 15, 'Módulo 5', 57, '2025-06-27');
INSERT INTO evaluacion (id_evaluacion, id_curso, titulo, fecha) VALUES (15, 1, 'Evaluación final curso 1', '2025-04-03');
INSERT INTO resultadoevaluacion (id_resultado, id_evaluacion, id_usuario, puntaje) VALUES (15, 1, 21, 82.30);
INSERT INTO inscripcion (id_inscripcion, id_usuario, id_curso, fecha_inscripcion, estado) VALUES (16, 22, 1, '2025-03-04', 'activo');
INSERT INTO avancecurso (id_avance, id_inscripcion, modulo, porcentaje, fecha) VALUES (50, 16, 'Módulo 4', 86, '2025-01-11');
INSERT INTO avancecurso (id_avance, id_inscripcion, modulo, porcentaje, fecha) VALUES (51, 16, 'Módulo 4', 65, '2025-06-30');
INSERT INTO evaluacion (id_evaluacion, id_curso, titulo, fecha) VALUES (16, 1, 'Evaluación final curso 1', '2025-06-01');
INSERT INTO resultadoevaluacion (id_resultado, id_evaluacion, id_usuario, puntaje) VALUES (16, 1, 22, 89.70);
INSERT INTO inscripcion (id_inscripcion, id_usuario, id_curso, fecha_inscripcion, estado) VALUES (17, 23, 1, '2025-02-14', 'activo');
INSERT INTO avancecurso (id_avance, id_inscripcion, modulo, porcentaje, fecha) VALUES (52, 17, 'Módulo 2', 97, '2025-01-03');
INSERT INTO avancecurso (id_avance, id_inscripcion, modulo, porcentaje, fecha) VALUES (53, 17, 'Módulo 6', 63, '2025-04-04');
INSERT INTO avancecurso (id_avance, id_inscripcion, modulo, porcentaje, fecha) VALUES (54, 17, 'Módulo 5', 20, '2025-01-03');
INSERT INTO evaluacion (id_evaluacion, id_curso, titulo, fecha) VALUES (17, 1, 'Evaluación final curso 1', '2025-01-24');
INSERT INTO resultadoevaluacion (id_resultado, id_evaluacion, id_usuario, puntaje) VALUES (17, 1, 23, 49.62);
INSERT INTO inscripcion (id_inscripcion, id_usuario, id_curso, fecha_inscripcion, estado) VALUES (18, 24, 1, '2025-06-26', 'activo');
INSERT INTO avancecurso (id_avance, id_inscripcion, modulo, porcentaje, fecha) VALUES (55, 18, 'Módulo 1', 43, '2025-04-10');
INSERT INTO avancecurso (id_avance, id_inscripcion, modulo, porcentaje, fecha) VALUES (56, 18, 'Módulo 6', 27, '2025-03-21');
INSERT INTO evaluacion (id_evaluacion, id_curso, titulo, fecha) VALUES (18, 1, 'Evaluación final curso 1', '2025-03-04');
INSERT INTO resultadoevaluacion (id_resultado, id_evaluacion, id_usuario, puntaje) VALUES (18, 1, 24, 78.63);
INSERT INTO inscripcion (id_inscripcion, id_usuario, id_curso, fecha_inscripcion, estado) VALUES (19, 25, 1, '2025-04-27', 'activo');
INSERT INTO avancecurso (id_avance, id_inscripcion, modulo, porcentaje, fecha) VALUES (57, 19, 'Módulo 6', 28, '2025-03-02');
INSERT INTO avancecurso (id_avance, id_inscripcion, modulo, porcentaje, fecha) VALUES (58, 19, 'Módulo 3', 85, '2025-04-26');
INSERT INTO avancecurso (id_avance, id_inscripcion, modulo, porcentaje, fecha) VALUES (59, 19, 'Módulo 1', 13, '2025-06-20');
INSERT INTO evaluacion (id_evaluacion, id_curso, titulo, fecha) VALUES (19, 1, 'Evaluación final curso 1', '2025-02-04');
INSERT INTO resultadoevaluacion (id_resultado, id_evaluacion, id_usuario, puntaje) VALUES (19, 1, 25, 53.64);
INSERT INTO inscripcion (id_inscripcion, id_usuario, id_curso, fecha_inscripcion, estado) VALUES (20, 26, 1, '2025-06-07', 'activo');
INSERT INTO avancecurso (id_avance, id_inscripcion, modulo, porcentaje, fecha) VALUES (60, 20, 'Módulo 4', 55, '2025-04-15');
INSERT INTO avancecurso (id_avance, id_inscripcion, modulo, porcentaje, fecha) VALUES (61, 20, 'Módulo 1', 70, '2025-06-06');
INSERT INTO avancecurso (id_avance, id_inscripcion, modulo, porcentaje, fecha) VALUES (62, 20, 'Módulo 5', 24, '2025-05-10');
INSERT INTO evaluacion (id_evaluacion, id_curso, titulo, fecha) VALUES (20, 1, 'Evaluación final curso 1', '2025-05-11');
INSERT INTO resultadoevaluacion (id_resultado, id_evaluacion, id_usuario, puntaje) VALUES (20, 1, 26, 81.83);
INSERT INTO inscripcion (id_inscripcion, id_usuario, id_curso, fecha_inscripcion, estado) VALUES (21, 27, 1, '2025-03-16', 'activo');
INSERT INTO avancecurso (id_avance, id_inscripcion, modulo, porcentaje, fecha) VALUES (63, 21, 'Módulo 1', 33, '2025-03-04');
INSERT INTO avancecurso (id_avance, id_inscripcion, modulo, porcentaje, fecha) VALUES (64, 21, 'Módulo 6', 26, '2025-06-18');
INSERT INTO evaluacion (id_evaluacion, id_curso, titulo, fecha) VALUES (21, 1, 'Evaluación final curso 1', '2025-01-31');
INSERT INTO resultadoevaluacion (id_resultado, id_evaluacion, id_usuario, puntaje) VALUES (21, 1, 27, 78.17);
INSERT INTO inscripcion (id_inscripcion, id_usuario, id_curso, fecha_inscripcion, estado) VALUES (22, 28, 1, '2025-06-30', 'activo');
INSERT INTO avancecurso (id_avance, id_inscripcion, modulo, porcentaje, fecha) VALUES (65, 22, 'Módulo 2', 60, '2025-07-06');
INSERT INTO avancecurso (id_avance, id_inscripcion, modulo, porcentaje, fecha) VALUES (66, 22, 'Módulo 2', 24, '2025-01-11');
INSERT INTO evaluacion (id_evaluacion, id_curso, titulo, fecha) VALUES (22, 1, 'Evaluación final curso 1', '2025-03-05');
INSERT INTO resultadoevaluacion (id_resultado, id_evaluacion, id_usuario, puntaje) VALUES (22, 1, 28, 77.48);
INSERT INTO inscripcion (id_inscripcion, id_usuario, id_curso, fecha_inscripcion, estado) VALUES (23, 29, 1, '2025-07-11', 'activo');
INSERT INTO avancecurso (id_avance, id_inscripcion, modulo, porcentaje, fecha) VALUES (67, 23, 'Módulo 1', 67, '2025-05-19');
INSERT INTO avancecurso (id_avance, id_inscripcion, modulo, porcentaje, fecha) VALUES (68, 23, 'Módulo 6', 60, '2025-04-03');
INSERT INTO avancecurso (id_avance, id_inscripcion, modulo, porcentaje, fecha) VALUES (69, 23, 'Módulo 6', 64, '2025-01-18');
INSERT INTO avancecurso (id_avance, id_inscripcion, modulo, porcentaje, fecha) VALUES (70, 23, 'Módulo 5', 60, '2025-01-26');
INSERT INTO evaluacion (id_evaluacion, id_curso, titulo, fecha) VALUES (23, 1, 'Evaluación final curso 1', '2025-05-19');
INSERT INTO resultadoevaluacion (id_resultado, id_evaluacion, id_usuario, puntaje) VALUES (23, 1, 29, 53.97);
INSERT INTO inscripcion (id_inscripcion, id_usuario, id_curso, fecha_inscripcion, estado) VALUES (24, 30, 1, '2025-04-28', 'activo');
INSERT INTO avancecurso (id_avance, id_inscripcion, modulo, porcentaje, fecha) VALUES (71, 24, 'Módulo 2', 67, '2025-02-02');
INSERT INTO avancecurso (id_avance, id_inscripcion, modulo, porcentaje, fecha) VALUES (72, 24, 'Módulo 4', 43, '2025-05-21');
INSERT INTO avancecurso (id_avance, id_inscripcion, modulo, porcentaje, fecha) VALUES (73, 24, 'Módulo 1', 59, '2025-03-19');
INSERT INTO evaluacion (id_evaluacion, id_curso, titulo, fecha) VALUES (24, 1, 'Evaluación final curso 1', '2025-05-01');
INSERT INTO resultadoevaluacion (id_resultado, id_evaluacion, id_usuario, puntaje) VALUES (24, 1, 30, 86.30);
INSERT INTO inscripcion (id_inscripcion, id_usuario, id_curso, fecha_inscripcion, estado) VALUES (25, 31, 1, '2025-02-26', 'activo');
INSERT INTO avancecurso (id_avance, id_inscripcion, modulo, porcentaje, fecha) VALUES (74, 25, 'Módulo 4', 84, '2025-05-10');
INSERT INTO avancecurso (id_avance, id_inscripcion, modulo, porcentaje, fecha) VALUES (75, 25, 'Módulo 4', 49, '2025-05-10');
INSERT INTO evaluacion (id_evaluacion, id_curso, titulo, fecha) VALUES (25, 1, 'Evaluación final curso 1', '2025-02-26');
INSERT INTO resultadoevaluacion (id_resultado, id_evaluacion, id_usuario, puntaje) VALUES (25, 1, 31, 80.33);
INSERT INTO inscripcion (id_inscripcion, id_usuario, id_curso, fecha_inscripcion, estado) VALUES (26, 32, 1, '2025-01-19', 'activo');
INSERT INTO avancecurso (id_avance, id_inscripcion, modulo, porcentaje, fecha) VALUES (76, 26, 'Módulo 5', 72, '2025-01-17');
INSERT INTO avancecurso (id_avance, id_inscripcion, modulo, porcentaje, fecha) VALUES (77, 26, 'Módulo 3', 24, '2025-06-13');
INSERT INTO avancecurso (id_avance, id_inscripcion, modulo, porcentaje, fecha) VALUES (78, 26, 'Módulo 5', 32, '2025-07-03');
INSERT INTO evaluacion (id_evaluacion, id_curso, titulo, fecha) VALUES (26, 1, 'Evaluación final curso 1', '2025-05-10');
INSERT INTO resultadoevaluacion (id_resultado, id_evaluacion, id_usuario, puntaje) VALUES (26, 1, 32, 70.79);
INSERT INTO inscripcion (id_inscripcion, id_usuario, id_curso, fecha_inscripcion, estado) VALUES (27, 33, 1, '2025-05-10', 'activo');
INSERT INTO avancecurso (id_avance, id_inscripcion, modulo, porcentaje, fecha) VALUES (79, 27, 'Módulo 6', 97, '2025-05-09');
INSERT INTO avancecurso (id_avance, id_inscripcion, modulo, porcentaje, fecha) VALUES (80, 27, 'Módulo 2', 72, '2025-04-27');
INSERT INTO avancecurso (id_avance, id_inscripcion, modulo, porcentaje, fecha) VALUES (81, 27, 'Módulo 5', 52, '2025-04-25');
INSERT INTO evaluacion (id_evaluacion, id_curso, titulo, fecha) VALUES (27, 1, 'Evaluación final curso 1', '2025-03-29');
INSERT INTO resultadoevaluacion (id_resultado, id_evaluacion, id_usuario, puntaje) VALUES (27, 1, 33, 86.77);
INSERT INTO inscripcion (id_inscripcion, id_usuario, id_curso, fecha_inscripcion, estado) VALUES (28, 34, 1, '2025-06-24', 'activo');
INSERT INTO avancecurso (id_avance, id_inscripcion, modulo, porcentaje, fecha) VALUES (82, 28, 'Módulo 1', 95, '2025-02-10');
INSERT INTO avancecurso (id_avance, id_inscripcion, modulo, porcentaje, fecha) VALUES (83, 28, 'Módulo 6', 86, '2025-03-24');
INSERT INTO evaluacion (id_evaluacion, id_curso, titulo, fecha) VALUES (28, 1, 'Evaluación final curso 1', '2025-04-04');
INSERT INTO resultadoevaluacion (id_resultado, id_evaluacion, id_usuario, puntaje) VALUES (28, 1, 34, 44.01);
INSERT INTO inscripcion (id_inscripcion, id_usuario, id_curso, fecha_inscripcion, estado) VALUES (29, 35, 1, '2025-01-15', 'activo');
INSERT INTO avancecurso (id_avance, id_inscripcion, modulo, porcentaje, fecha) VALUES (84, 29, 'Módulo 1', 51, '2025-02-08');
INSERT INTO avancecurso (id_avance, id_inscripcion, modulo, porcentaje, fecha) VALUES (85, 29, 'Módulo 6', 19, '2025-06-09');
INSERT INTO avancecurso (id_avance, id_inscripcion, modulo, porcentaje, fecha) VALUES (86, 29, 'Módulo 4', 70, '2025-01-15');
INSERT INTO avancecurso (id_avance, id_inscripcion, modulo, porcentaje, fecha) VALUES (87, 29, 'Módulo 6', 51, '2025-01-04');
INSERT INTO evaluacion (id_evaluacion, id_curso, titulo, fecha) VALUES (29, 1, 'Evaluación final curso 1', '2025-04-15');
INSERT INTO resultadoevaluacion (id_resultado, id_evaluacion, id_usuario, puntaje) VALUES (29, 1, 35, 79.94);
INSERT INTO inscripcion (id_inscripcion, id_usuario, id_curso, fecha_inscripcion, estado) VALUES (30, 36, 1, '2025-06-06', 'activo');
INSERT INTO avancecurso (id_avance, id_inscripcion, modulo, porcentaje, fecha) VALUES (88, 30, 'Módulo 5', 72, '2025-05-02');
INSERT INTO avancecurso (id_avance, id_inscripcion, modulo, porcentaje, fecha) VALUES (89, 30, 'Módulo 1', 33, '2025-03-04');
INSERT INTO avancecurso (id_avance, id_inscripcion, modulo, porcentaje, fecha) VALUES (90, 30, 'Módulo 5', 21, '2025-07-01');
INSERT INTO evaluacion (id_evaluacion, id_curso, titulo, fecha) VALUES (30, 1, 'Evaluación final curso 1', '2025-01-06');
INSERT INTO resultadoevaluacion (id_resultado, id_evaluacion, id_usuario, puntaje) VALUES (30, 1, 36, 45.55);
INSERT INTO inscripcion (id_inscripcion, id_usuario, id_curso, fecha_inscripcion, estado) VALUES (31, 37, 1, '2025-02-03', 'activo');
INSERT INTO avancecurso (id_avance, id_inscripcion, modulo, porcentaje, fecha) VALUES (91, 31, 'Módulo 4', 49, '2025-02-10');
INSERT INTO avancecurso (id_avance, id_inscripcion, modulo, porcentaje, fecha) VALUES (92, 31, 'Módulo 1', 47, '2025-03-24');
INSERT INTO avancecurso (id_avance, id_inscripcion, modulo, porcentaje, fecha) VALUES (93, 31, 'Módulo 1', 16, '2025-05-07');
INSERT INTO evaluacion (id_evaluacion, id_curso, titulo, fecha) VALUES (31, 1, 'Evaluación final curso 1', '2025-03-20');
INSERT INTO resultadoevaluacion (id_resultado, id_evaluacion, id_usuario, puntaje) VALUES (31, 1, 37, 94.30);
INSERT INTO inscripcion (id_inscripcion, id_usuario, id_curso, fecha_inscripcion, estado) VALUES (32, 38, 2, '2025-04-11', 'activo');
INSERT INTO avancecurso (id_avance, id_inscripcion, modulo, porcentaje, fecha) VALUES (94, 32, 'Módulo 5', 59, '2025-04-24');
INSERT INTO avancecurso (id_avance, id_inscripcion, modulo, porcentaje, fecha) VALUES (95, 32, 'Módulo 3', 27, '2025-02-16');
INSERT INTO evaluacion (id_evaluacion, id_curso, titulo, fecha) VALUES (32, 2, 'Evaluación final curso 2', '2025-06-18');
INSERT INTO resultadoevaluacion (id_resultado, id_evaluacion, id_usuario, puntaje) VALUES (32, 2, 38, 41.51);
INSERT INTO inscripcion (id_inscripcion, id_usuario, id_curso, fecha_inscripcion, estado) VALUES (33, 39, 2, '2025-07-06', 'activo');
INSERT INTO avancecurso (id_avance, id_inscripcion, modulo, porcentaje, fecha) VALUES (96, 33, 'Módulo 2', 19, '2025-04-27');
INSERT INTO avancecurso (id_avance, id_inscripcion, modulo, porcentaje, fecha) VALUES (97, 33, 'Módulo 5', 21, '2025-06-18');
INSERT INTO evaluacion (id_evaluacion, id_curso, titulo, fecha) VALUES (33, 2, 'Evaluación final curso 2', '2025-04-25');
INSERT INTO resultadoevaluacion (id_resultado, id_evaluacion, id_usuario, puntaje) VALUES (33, 2, 39, 87.29);
INSERT INTO inscripcion (id_inscripcion, id_usuario, id_curso, fecha_inscripcion, estado) VALUES (34, 40, 2, '2025-05-23', 'activo');
INSERT INTO avancecurso (id_avance, id_inscripcion, modulo, porcentaje, fecha) VALUES (98, 34, 'Módulo 5', 49, '2025-04-01');
INSERT INTO avancecurso (id_avance, id_inscripcion, modulo, porcentaje, fecha) VALUES (99, 34, 'Módulo 1', 57, '2025-05-16');
INSERT INTO avancecurso (id_avance, id_inscripcion, modulo, porcentaje, fecha) VALUES (100, 34, 'Módulo 3', 51, '2025-05-14');
INSERT INTO avancecurso (id_avance, id_inscripcion, modulo, porcentaje, fecha) VALUES (101, 34, 'Módulo 5', 100, '2025-07-02');
INSERT INTO evaluacion (id_evaluacion, id_curso, titulo, fecha) VALUES (34, 2, 'Evaluación final curso 2', '2025-03-16');
INSERT INTO resultadoevaluacion (id_resultado, id_evaluacion, id_usuario, puntaje) VALUES (34, 2, 40, 70.68);
INSERT INTO inscripcion (id_inscripcion, id_usuario, id_curso, fecha_inscripcion, estado) VALUES (35, 41, 2, '2025-02-26', 'activo');
INSERT INTO avancecurso (id_avance, id_inscripcion, modulo, porcentaje, fecha) VALUES (102, 35, 'Módulo 6', 97, '2025-06-15');
INSERT INTO avancecurso (id_avance, id_inscripcion, modulo, porcentaje, fecha) VALUES (103, 35, 'Módulo 2', 96, '2025-04-04');
INSERT INTO evaluacion (id_evaluacion, id_curso, titulo, fecha) VALUES (35, 2, 'Evaluación final curso 2', '2025-06-13');
INSERT INTO resultadoevaluacion (id_resultado, id_evaluacion, id_usuario, puntaje) VALUES (35, 2, 41, 93.48);
INSERT INTO inscripcion (id_inscripcion, id_usuario, id_curso, fecha_inscripcion, estado) VALUES (36, 42, 2, '2025-06-19', 'activo');
INSERT INTO avancecurso (id_avance, id_inscripcion, modulo, porcentaje, fecha) VALUES (104, 36, 'Módulo 2', 33, '2025-02-03');
INSERT INTO avancecurso (id_avance, id_inscripcion, modulo, porcentaje, fecha) VALUES (105, 36, 'Módulo 4', 25, '2025-04-24');
INSERT INTO evaluacion (id_evaluacion, id_curso, titulo, fecha) VALUES (36, 2, 'Evaluación final curso 2', '2025-02-03');
INSERT INTO resultadoevaluacion (id_resultado, id_evaluacion, id_usuario, puntaje) VALUES (36, 2, 42, 46.50);
INSERT INTO inscripcion (id_inscripcion, id_usuario, id_curso, fecha_inscripcion, estado) VALUES (37, 43, 2, '2025-01-25', 'activo');
INSERT INTO avancecurso (id_avance, id_inscripcion, modulo, porcentaje, fecha) VALUES (106, 37, 'Módulo 2', 21, '2025-06-18');
INSERT INTO avancecurso (id_avance, id_inscripcion, modulo, porcentaje, fecha) VALUES (107, 37, 'Módulo 3', 35, '2025-02-09');
INSERT INTO avancecurso (id_avance, id_inscripcion, modulo, porcentaje, fecha) VALUES (108, 37, 'Módulo 2', 84, '2025-04-11');
INSERT INTO evaluacion (id_evaluacion, id_curso, titulo, fecha) VALUES (37, 2, 'Evaluación final curso 2', '2025-02-21');
INSERT INTO resultadoevaluacion (id_resultado, id_evaluacion, id_usuario, puntaje) VALUES (37, 2, 43, 54.42);
INSERT INTO inscripcion (id_inscripcion, id_usuario, id_curso, fecha_inscripcion, estado) VALUES (38, 44, 2, '2025-03-15', 'activo');
INSERT INTO avancecurso (id_avance, id_inscripcion, modulo, porcentaje, fecha) VALUES (109, 38, 'Módulo 3', 82, '2025-04-02');
INSERT INTO avancecurso (id_avance, id_inscripcion, modulo, porcentaje, fecha) VALUES (110, 38, 'Módulo 4', 43, '2025-02-11');
INSERT INTO evaluacion (id_evaluacion, id_curso, titulo, fecha) VALUES (38, 2, 'Evaluación final curso 2', '2025-03-19');
INSERT INTO resultadoevaluacion (id_resultado, id_evaluacion, id_usuario, puntaje) VALUES (38, 2, 44, 66.64);
INSERT INTO inscripcion (id_inscripcion, id_usuario, id_curso, fecha_inscripcion, estado) VALUES (39, 45, 2, '2025-04-26', 'activo');
INSERT INTO avancecurso (id_avance, id_inscripcion, modulo, porcentaje, fecha) VALUES (111, 39, 'Módulo 4', 54, '2025-01-21');
INSERT INTO avancecurso (id_avance, id_inscripcion, modulo, porcentaje, fecha) VALUES (112, 39, 'Módulo 3', 14, '2025-03-12');
INSERT INTO evaluacion (id_evaluacion, id_curso, titulo, fecha) VALUES (39, 2, 'Evaluación final curso 2', '2025-03-18');
INSERT INTO resultadoevaluacion (id_resultado, id_evaluacion, id_usuario, puntaje) VALUES (39, 2, 45, 62.38);
INSERT INTO inscripcion (id_inscripcion, id_usuario, id_curso, fecha_inscripcion, estado) VALUES (40, 46, 2, '2025-03-19', 'activo');
INSERT INTO avancecurso (id_avance, id_inscripcion, modulo, porcentaje, fecha) VALUES (113, 40, 'Módulo 3', 93, '2025-02-13');
INSERT INTO avancecurso (id_avance, id_inscripcion, modulo, porcentaje, fecha) VALUES (114, 40, 'Módulo 2', 53, '2025-04-25');
INSERT INTO evaluacion (id_evaluacion, id_curso, titulo, fecha) VALUES (40, 2, 'Evaluación final curso 2', '2025-06-18');
INSERT INTO resultadoevaluacion (id_resultado, id_evaluacion, id_usuario, puntaje) VALUES (40, 2, 46, 82.16);
INSERT INTO inscripcion (id_inscripcion, id_usuario, id_curso, fecha_inscripcion, estado) VALUES (41, 47, 2, '2025-02-01', 'activo');
INSERT INTO avancecurso (id_avance, id_inscripcion, modulo, porcentaje, fecha) VALUES (115, 41, 'Módulo 3', 12, '2025-04-21');
INSERT INTO avancecurso (id_avance, id_inscripcion, modulo, porcentaje, fecha) VALUES (116, 41, 'Módulo 6', 32, '2025-01-06');
INSERT INTO evaluacion (id_evaluacion, id_curso, titulo, fecha) VALUES (41, 2, 'Evaluación final curso 2', '2025-03-13');
INSERT INTO resultadoevaluacion (id_resultado, id_evaluacion, id_usuario, puntaje) VALUES (41, 2, 47, 66.43);
INSERT INTO inscripcion (id_inscripcion, id_usuario, id_curso, fecha_inscripcion, estado) VALUES (42, 48, 2, '2025-07-03', 'activo');
INSERT INTO avancecurso (id_avance, id_inscripcion, modulo, porcentaje, fecha) VALUES (117, 42, 'Módulo 3', 37, '2025-03-28');
INSERT INTO avancecurso (id_avance, id_inscripcion, modulo, porcentaje, fecha) VALUES (118, 42, 'Módulo 2', 81, '2025-05-08');
INSERT INTO evaluacion (id_evaluacion, id_curso, titulo, fecha) VALUES (42, 2, 'Evaluación final curso 2', '2025-04-01');
INSERT INTO resultadoevaluacion (id_resultado, id_evaluacion, id_usuario, puntaje) VALUES (42, 2, 48, 98.09);
INSERT INTO inscripcion (id_inscripcion, id_usuario, id_curso, fecha_inscripcion, estado) VALUES (43, 49, 2, '2025-04-14', 'activo');
INSERT INTO avancecurso (id_avance, id_inscripcion, modulo, porcentaje, fecha) VALUES (119, 43, 'Módulo 2', 26, '2025-04-20');
INSERT INTO avancecurso (id_avance, id_inscripcion, modulo, porcentaje, fecha) VALUES (120, 43, 'Módulo 3', 49, '2025-02-05');
INSERT INTO evaluacion (id_evaluacion, id_curso, titulo, fecha) VALUES (43, 2, 'Evaluación final curso 2', '2025-04-04');
INSERT INTO resultadoevaluacion (id_resultado, id_evaluacion, id_usuario, puntaje) VALUES (43, 2, 49, 79.60);
INSERT INTO inscripcion (id_inscripcion, id_usuario, id_curso, fecha_inscripcion, estado) VALUES (44, 50, 2, '2025-06-16', 'activo');
INSERT INTO avancecurso (id_avance, id_inscripcion, modulo, porcentaje, fecha) VALUES (121, 44, 'Módulo 1', 88, '2025-06-03');
INSERT INTO avancecurso (id_avance, id_inscripcion, modulo, porcentaje, fecha) VALUES (122, 44, 'Módulo 3', 63, '2025-03-14');
INSERT INTO avancecurso (id_avance, id_inscripcion, modulo, porcentaje, fecha) VALUES (123, 44, 'Módulo 3', 98, '2025-04-22');
INSERT INTO evaluacion (id_evaluacion, id_curso, titulo, fecha) VALUES (44, 2, 'Evaluación final curso 2', '2025-05-21');
INSERT INTO resultadoevaluacion (id_resultado, id_evaluacion, id_usuario, puntaje) VALUES (44, 2, 50, 43.83);
INSERT INTO inscripcion (id_inscripcion, id_usuario, id_curso, fecha_inscripcion, estado) VALUES (45, 51, 2, '2025-06-16', 'activo');
INSERT INTO avancecurso (id_avance, id_inscripcion, modulo, porcentaje, fecha) VALUES (124, 45, 'Módulo 1', 13, '2025-01-03');
INSERT INTO avancecurso (id_avance, id_inscripcion, modulo, porcentaje, fecha) VALUES (125, 45, 'Módulo 1', 57, '2025-06-30');
INSERT INTO evaluacion (id_evaluacion, id_curso, titulo, fecha) VALUES (45, 2, 'Evaluación final curso 2', '2025-02-07');
INSERT INTO resultadoevaluacion (id_resultado, id_evaluacion, id_usuario, puntaje) VALUES (45, 2, 51, 80.16);
INSERT INTO inscripcion (id_inscripcion, id_usuario, id_curso, fecha_inscripcion, estado) VALUES (46, 52, 2, '2025-03-07', 'activo');
INSERT INTO avancecurso (id_avance, id_inscripcion, modulo, porcentaje, fecha) VALUES (126, 46, 'Módulo 6', 58, '2025-05-08');
INSERT INTO avancecurso (id_avance, id_inscripcion, modulo, porcentaje, fecha) VALUES (127, 46, 'Módulo 4', 67, '2025-05-22');
INSERT INTO avancecurso (id_avance, id_inscripcion, modulo, porcentaje, fecha) VALUES (128, 46, 'Módulo 3', 41, '2025-02-23');
INSERT INTO evaluacion (id_evaluacion, id_curso, titulo, fecha) VALUES (46, 2, 'Evaluación final curso 2', '2025-05-23');
INSERT INTO resultadoevaluacion (id_resultado, id_evaluacion, id_usuario, puntaje) VALUES (46, 2, 52, 92.50);
INSERT INTO inscripcion (id_inscripcion, id_usuario, id_curso, fecha_inscripcion, estado) VALUES (47, 53, 2, '2025-02-28', 'activo');
INSERT INTO avancecurso (id_avance, id_inscripcion, modulo, porcentaje, fecha) VALUES (129, 47, 'Módulo 6', 40, '2025-01-13');
INSERT INTO avancecurso (id_avance, id_inscripcion, modulo, porcentaje, fecha) VALUES (130, 47, 'Módulo 6', 53, '2025-05-10');
INSERT INTO evaluacion (id_evaluacion, id_curso, titulo, fecha) VALUES (47, 2, 'Evaluación final curso 2', '2025-02-12');
INSERT INTO resultadoevaluacion (id_resultado, id_evaluacion, id_usuario, puntaje) VALUES (47, 2, 53, 91.37);
INSERT INTO inscripcion (id_inscripcion, id_usuario, id_curso, fecha_inscripcion, estado) VALUES (48, 54, 2, '2025-02-11', 'activo');
INSERT INTO avancecurso (id_avance, id_inscripcion, modulo, porcentaje, fecha) VALUES (131, 48, 'Módulo 3', 75, '2025-02-19');
INSERT INTO avancecurso (id_avance, id_inscripcion, modulo, porcentaje, fecha) VALUES (132, 48, 'Módulo 5', 48, '2025-01-12');
INSERT INTO evaluacion (id_evaluacion, id_curso, titulo, fecha) VALUES (48, 2, 'Evaluación final curso 2', '2025-06-20');
INSERT INTO resultadoevaluacion (id_resultado, id_evaluacion, id_usuario, puntaje) VALUES (48, 2, 54, 61.55);
INSERT INTO inscripcion (id_inscripcion, id_usuario, id_curso, fecha_inscripcion, estado) VALUES (49, 55, 2, '2025-04-05', 'activo');
INSERT INTO avancecurso (id_avance, id_inscripcion, modulo, porcentaje, fecha) VALUES (133, 49, 'Módulo 4', 95, '2025-02-03');
INSERT INTO avancecurso (id_avance, id_inscripcion, modulo, porcentaje, fecha) VALUES (134, 49, 'Módulo 2', 80, '2025-07-03');
INSERT INTO evaluacion (id_evaluacion, id_curso, titulo, fecha) VALUES (49, 2, 'Evaluación final curso 2', '2025-06-21');
INSERT INTO resultadoevaluacion (id_resultado, id_evaluacion, id_usuario, puntaje) VALUES (49, 2, 55, 67.39);
INSERT INTO inscripcion (id_inscripcion, id_usuario, id_curso, fecha_inscripcion, estado) VALUES (50, 56, 2, '2025-01-10', 'activo');
INSERT INTO avancecurso (id_avance, id_inscripcion, modulo, porcentaje, fecha) VALUES (135, 50, 'Módulo 2', 100, '2025-01-01');
INSERT INTO avancecurso (id_avance, id_inscripcion, modulo, porcentaje, fecha) VALUES (136, 50, 'Módulo 6', 23, '2025-01-05');
INSERT INTO avancecurso (id_avance, id_inscripcion, modulo, porcentaje, fecha) VALUES (137, 50, 'Módulo 1', 100, '2025-05-14');
INSERT INTO evaluacion (id_evaluacion, id_curso, titulo, fecha) VALUES (50, 2, 'Evaluación final curso 2', '2025-02-15');
INSERT INTO resultadoevaluacion (id_resultado, id_evaluacion, id_usuario, puntaje) VALUES (50, 2, 56, 94.89);
INSERT INTO inscripcion (id_inscripcion, id_usuario, id_curso, fecha_inscripcion, estado) VALUES (51, 57, 2, '2025-05-03', 'activo');
INSERT INTO avancecurso (id_avance, id_inscripcion, modulo, porcentaje, fecha) VALUES (138, 51, 'Módulo 2', 34, '2025-06-24');
INSERT INTO avancecurso (id_avance, id_inscripcion, modulo, porcentaje, fecha) VALUES (139, 51, 'Módulo 6', 81, '2025-03-16');
INSERT INTO avancecurso (id_avance, id_inscripcion, modulo, porcentaje, fecha) VALUES (140, 51, 'Módulo 5', 77, '2025-05-05');
INSERT INTO evaluacion (id_evaluacion, id_curso, titulo, fecha) VALUES (51, 2, 'Evaluación final curso 2', '2025-05-29');
INSERT INTO resultadoevaluacion (id_resultado, id_evaluacion, id_usuario, puntaje) VALUES (51, 2, 57, 98.65);
INSERT INTO inscripcion (id_inscripcion, id_usuario, id_curso, fecha_inscripcion, estado) VALUES (52, 58, 2, '2025-02-28', 'activo');
INSERT INTO avancecurso (id_avance, id_inscripcion, modulo, porcentaje, fecha) VALUES (141, 52, 'Módulo 4', 10, '2025-02-16');
INSERT INTO avancecurso (id_avance, id_inscripcion, modulo, porcentaje, fecha) VALUES (142, 52, 'Módulo 4', 96, '2025-04-30');
INSERT INTO avancecurso (id_avance, id_inscripcion, modulo, porcentaje, fecha) VALUES (143, 52, 'Módulo 4', 62, '2025-03-08');
INSERT INTO avancecurso (id_avance, id_inscripcion, modulo, porcentaje, fecha) VALUES (144, 52, 'Módulo 6', 84, '2025-04-29');
INSERT INTO evaluacion (id_evaluacion, id_curso, titulo, fecha) VALUES (52, 2, 'Evaluación final curso 2', '2025-01-26');
INSERT INTO resultadoevaluacion (id_resultado, id_evaluacion, id_usuario, puntaje) VALUES (52, 2, 58, 84.97);
INSERT INTO inscripcion (id_inscripcion, id_usuario, id_curso, fecha_inscripcion, estado) VALUES (53, 59, 2, '2025-05-14', 'activo');
INSERT INTO avancecurso (id_avance, id_inscripcion, modulo, porcentaje, fecha) VALUES (145, 53, 'Módulo 5', 84, '2025-06-09');
INSERT INTO avancecurso (id_avance, id_inscripcion, modulo, porcentaje, fecha) VALUES (146, 53, 'Módulo 6', 95, '2025-02-22');
INSERT INTO avancecurso (id_avance, id_inscripcion, modulo, porcentaje, fecha) VALUES (147, 53, 'Módulo 6', 13, '2025-05-08');
INSERT INTO evaluacion (id_evaluacion, id_curso, titulo, fecha) VALUES (53, 2, 'Evaluación final curso 2', '2025-05-12');
INSERT INTO resultadoevaluacion (id_resultado, id_evaluacion, id_usuario, puntaje) VALUES (53, 2, 59, 70.03);
INSERT INTO inscripcion (id_inscripcion, id_usuario, id_curso, fecha_inscripcion, estado) VALUES (54, 60, 2, '2025-04-18', 'activo');
INSERT INTO avancecurso (id_avance, id_inscripcion, modulo, porcentaje, fecha) VALUES (148, 54, 'Módulo 6', 55, '2025-01-31');
INSERT INTO avancecurso (id_avance, id_inscripcion, modulo, porcentaje, fecha) VALUES (149, 54, 'Módulo 1', 50, '2025-06-14');
INSERT INTO avancecurso (id_avance, id_inscripcion, modulo, porcentaje, fecha) VALUES (150, 54, 'Módulo 5', 58, '2025-01-22');
INSERT INTO avancecurso (id_avance, id_inscripcion, modulo, porcentaje, fecha) VALUES (151, 54, 'Módulo 2', 74, '2025-03-29');
INSERT INTO evaluacion (id_evaluacion, id_curso, titulo, fecha) VALUES (54, 2, 'Evaluación final curso 2', '2025-04-09');
INSERT INTO resultadoevaluacion (id_resultado, id_evaluacion, id_usuario, puntaje) VALUES (54, 2, 60, 70.74);
INSERT INTO inscripcion (id_inscripcion, id_usuario, id_curso, fecha_inscripcion, estado) VALUES (55, 61, 2, '2025-06-03', 'activo');
INSERT INTO avancecurso (id_avance, id_inscripcion, modulo, porcentaje, fecha) VALUES (152, 55, 'Módulo 4', 54, '2025-04-20');
INSERT INTO avancecurso (id_avance, id_inscripcion, modulo, porcentaje, fecha) VALUES (153, 55, 'Módulo 5', 69, '2025-05-23');
INSERT INTO evaluacion (id_evaluacion, id_curso, titulo, fecha) VALUES (55, 2, 'Evaluación final curso 2', '2025-01-24');
INSERT INTO resultadoevaluacion (id_resultado, id_evaluacion, id_usuario, puntaje) VALUES (55, 2, 61, 56.64);
INSERT INTO inscripcion (id_inscripcion, id_usuario, id_curso, fecha_inscripcion, estado) VALUES (56, 62, 2, '2025-03-23', 'activo');
INSERT INTO avancecurso (id_avance, id_inscripcion, modulo, porcentaje, fecha) VALUES (154, 56, 'Módulo 1', 83, '2025-03-30');
INSERT INTO avancecurso (id_avance, id_inscripcion, modulo, porcentaje, fecha) VALUES (155, 56, 'Módulo 2', 15, '2025-06-02');
INSERT INTO avancecurso (id_avance, id_inscripcion, modulo, porcentaje, fecha) VALUES (156, 56, 'Módulo 3', 56, '2025-02-23');
INSERT INTO avancecurso (id_avance, id_inscripcion, modulo, porcentaje, fecha) VALUES (157, 56, 'Módulo 6', 70, '2025-04-25');
INSERT INTO evaluacion (id_evaluacion, id_curso, titulo, fecha) VALUES (56, 2, 'Evaluación final curso 2', '2025-06-30');
INSERT INTO resultadoevaluacion (id_resultado, id_evaluacion, id_usuario, puntaje) VALUES (56, 2, 62, 81.53);
INSERT INTO inscripcion (id_inscripcion, id_usuario, id_curso, fecha_inscripcion, estado) VALUES (57, 63, 2, '2025-04-09', 'activo');
INSERT INTO avancecurso (id_avance, id_inscripcion, modulo, porcentaje, fecha) VALUES (158, 57, 'Módulo 6', 62, '2025-02-04');
INSERT INTO avancecurso (id_avance, id_inscripcion, modulo, porcentaje, fecha) VALUES (159, 57, 'Módulo 3', 98, '2025-04-01');
INSERT INTO evaluacion (id_evaluacion, id_curso, titulo, fecha) VALUES (57, 2, 'Evaluación final curso 2', '2025-05-05');
INSERT INTO resultadoevaluacion (id_resultado, id_evaluacion, id_usuario, puntaje) VALUES (57, 2, 63, 65.26);
INSERT INTO inscripcion (id_inscripcion, id_usuario, id_curso, fecha_inscripcion, estado) VALUES (58, 64, 2, '2025-02-21', 'activo');
INSERT INTO avancecurso (id_avance, id_inscripcion, modulo, porcentaje, fecha) VALUES (160, 58, 'Módulo 1', 46, '2025-03-16');
INSERT INTO avancecurso (id_avance, id_inscripcion, modulo, porcentaje, fecha) VALUES (161, 58, 'Módulo 4', 11, '2025-05-01');
INSERT INTO avancecurso (id_avance, id_inscripcion, modulo, porcentaje, fecha) VALUES (162, 58, 'Módulo 1', 58, '2025-07-02');
INSERT INTO evaluacion (id_evaluacion, id_curso, titulo, fecha) VALUES (58, 2, 'Evaluación final curso 2', '2025-02-22');
INSERT INTO resultadoevaluacion (id_resultado, id_evaluacion, id_usuario, puntaje) VALUES (58, 2, 64, 54.44);
INSERT INTO inscripcion (id_inscripcion, id_usuario, id_curso, fecha_inscripcion, estado) VALUES (59, 65, 2, '2025-01-08', 'activo');
INSERT INTO avancecurso (id_avance, id_inscripcion, modulo, porcentaje, fecha) VALUES (163, 59, 'Módulo 4', 17, '2025-05-30');
INSERT INTO avancecurso (id_avance, id_inscripcion, modulo, porcentaje, fecha) VALUES (164, 59, 'Módulo 5', 12, '2025-03-03');
INSERT INTO avancecurso (id_avance, id_inscripcion, modulo, porcentaje, fecha) VALUES (165, 59, 'Módulo 4', 28, '2025-01-14');
INSERT INTO evaluacion (id_evaluacion, id_curso, titulo, fecha) VALUES (59, 2, 'Evaluación final curso 2', '2025-06-16');
INSERT INTO resultadoevaluacion (id_resultado, id_evaluacion, id_usuario, puntaje) VALUES (59, 2, 65, 51.70);
INSERT INTO inscripcion (id_inscripcion, id_usuario, id_curso, fecha_inscripcion, estado) VALUES (60, 66, 2, '2025-03-27', 'activo');
INSERT INTO avancecurso (id_avance, id_inscripcion, modulo, porcentaje, fecha) VALUES (166, 60, 'Módulo 2', 69, '2025-03-12');
INSERT INTO avancecurso (id_avance, id_inscripcion, modulo, porcentaje, fecha) VALUES (167, 60, 'Módulo 1', 99, '2025-05-20');
INSERT INTO avancecurso (id_avance, id_inscripcion, modulo, porcentaje, fecha) VALUES (168, 60, 'Módulo 2', 52, '2025-05-29');
INSERT INTO evaluacion (id_evaluacion, id_curso, titulo, fecha) VALUES (60, 2, 'Evaluación final curso 2', '2025-05-21');
INSERT INTO resultadoevaluacion (id_resultado, id_evaluacion, id_usuario, puntaje) VALUES (60, 2, 66, 89.30);
INSERT INTO inscripcion (id_inscripcion, id_usuario, id_curso, fecha_inscripcion, estado) VALUES (61, 67, 2, '2025-05-19', 'activo');
INSERT INTO avancecurso (id_avance, id_inscripcion, modulo, porcentaje, fecha) VALUES (169, 61, 'Módulo 5', 96, '2025-02-05');
INSERT INTO avancecurso (id_avance, id_inscripcion, modulo, porcentaje, fecha) VALUES (170, 61, 'Módulo 5', 46, '2025-04-13');
INSERT INTO evaluacion (id_evaluacion, id_curso, titulo, fecha) VALUES (61, 2, 'Evaluación final curso 2', '2025-05-15');
INSERT INTO resultadoevaluacion (id_resultado, id_evaluacion, id_usuario, puntaje) VALUES (61, 2, 67, 48.92);
INSERT INTO inscripcion (id_inscripcion, id_usuario, id_curso, fecha_inscripcion, estado) VALUES (62, 68, 2, '2025-03-01', 'activo');
INSERT INTO avancecurso (id_avance, id_inscripcion, modulo, porcentaje, fecha) VALUES (171, 62, 'Módulo 4', 30, '2025-06-27');
INSERT INTO avancecurso (id_avance, id_inscripcion, modulo, porcentaje, fecha) VALUES (172, 62, 'Módulo 2', 44, '2025-06-09');
INSERT INTO avancecurso (id_avance, id_inscripcion, modulo, porcentaje, fecha) VALUES (173, 62, 'Módulo 4', 25, '2025-03-19');
INSERT INTO evaluacion (id_evaluacion, id_curso, titulo, fecha) VALUES (62, 2, 'Evaluación final curso 2', '2025-02-24');
INSERT INTO resultadoevaluacion (id_resultado, id_evaluacion, id_usuario, puntaje) VALUES (62, 2, 68, 86.53);
INSERT INTO inscripcion (id_inscripcion, id_usuario, id_curso, fecha_inscripcion, estado) VALUES (63, 69, 2, '2025-05-18', 'activo');
INSERT INTO avancecurso (id_avance, id_inscripcion, modulo, porcentaje, fecha) VALUES (174, 63, 'Módulo 6', 51, '2025-04-21');
INSERT INTO avancecurso (id_avance, id_inscripcion, modulo, porcentaje, fecha) VALUES (175, 63, 'Módulo 2', 39, '2025-04-06');
INSERT INTO avancecurso (id_avance, id_inscripcion, modulo, porcentaje, fecha) VALUES (176, 63, 'Módulo 3', 36, '2025-05-27');
INSERT INTO evaluacion (id_evaluacion, id_curso, titulo, fecha) VALUES (63, 2, 'Evaluación final curso 2', '2025-05-06');
INSERT INTO resultadoevaluacion (id_resultado, id_evaluacion, id_usuario, puntaje) VALUES (63, 2, 69, 68.55);
INSERT INTO inscripcion (id_inscripcion, id_usuario, id_curso, fecha_inscripcion, estado) VALUES (64, 70, 2, '2025-06-13', 'activo');
INSERT INTO avancecurso (id_avance, id_inscripcion, modulo, porcentaje, fecha) VALUES (177, 64, 'Módulo 5', 56, '2025-01-30');
INSERT INTO avancecurso (id_avance, id_inscripcion, modulo, porcentaje, fecha) VALUES (178, 64, 'Módulo 1', 35, '2025-01-31');
INSERT INTO evaluacion (id_evaluacion, id_curso, titulo, fecha) VALUES (64, 2, 'Evaluación final curso 2', '2025-02-08');
INSERT INTO resultadoevaluacion (id_resultado, id_evaluacion, id_usuario, puntaje) VALUES (64, 2, 70, 73.84);
INSERT INTO inscripcion (id_inscripcion, id_usuario, id_curso, fecha_inscripcion, estado) VALUES (65, 71, 2, '2025-06-30', 'activo');
INSERT INTO avancecurso (id_avance, id_inscripcion, modulo, porcentaje, fecha) VALUES (179, 65, 'Módulo 4', 94, '2025-01-13');
INSERT INTO avancecurso (id_avance, id_inscripcion, modulo, porcentaje, fecha) VALUES (180, 65, 'Módulo 1', 18, '2025-05-25');
INSERT INTO avancecurso (id_avance, id_inscripcion, modulo, porcentaje, fecha) VALUES (181, 65, 'Módulo 3', 93, '2025-04-18');
INSERT INTO evaluacion (id_evaluacion, id_curso, titulo, fecha) VALUES (65, 2, 'Evaluación final curso 2', '2025-06-12');
INSERT INTO resultadoevaluacion (id_resultado, id_evaluacion, id_usuario, puntaje) VALUES (65, 2, 71, 46.42);
INSERT INTO inscripcion (id_inscripcion, id_usuario, id_curso, fecha_inscripcion, estado) VALUES (66, 72, 2, '2025-07-03', 'activo');
INSERT INTO avancecurso (id_avance, id_inscripcion, modulo, porcentaje, fecha) VALUES (182, 66, 'Módulo 2', 96, '2025-02-16');
INSERT INTO avancecurso (id_avance, id_inscripcion, modulo, porcentaje, fecha) VALUES (183, 66, 'Módulo 6', 13, '2025-04-05');
INSERT INTO avancecurso (id_avance, id_inscripcion, modulo, porcentaje, fecha) VALUES (184, 66, 'Módulo 1', 68, '2025-02-08');
INSERT INTO evaluacion (id_evaluacion, id_curso, titulo, fecha) VALUES (66, 2, 'Evaluación final curso 2', '2025-04-22');
INSERT INTO resultadoevaluacion (id_resultado, id_evaluacion, id_usuario, puntaje) VALUES (66, 2, 72, 69.29);
INSERT INTO inscripcion (id_inscripcion, id_usuario, id_curso, fecha_inscripcion, estado) VALUES (67, 73, 3, '2025-04-26', 'activo');
INSERT INTO avancecurso (id_avance, id_inscripcion, modulo, porcentaje, fecha) VALUES (185, 67, 'Módulo 6', 78, '2025-06-06');
INSERT INTO avancecurso (id_avance, id_inscripcion, modulo, porcentaje, fecha) VALUES (186, 67, 'Módulo 5', 19, '2025-01-06');
INSERT INTO avancecurso (id_avance, id_inscripcion, modulo, porcentaje, fecha) VALUES (187, 67, 'Módulo 5', 79, '2025-02-25');
INSERT INTO avancecurso (id_avance, id_inscripcion, modulo, porcentaje, fecha) VALUES (188, 67, 'Módulo 1', 62, '2025-04-16');
INSERT INTO evaluacion (id_evaluacion, id_curso, titulo, fecha) VALUES (67, 3, 'Evaluación final curso 3', '2025-06-18');
INSERT INTO resultadoevaluacion (id_resultado, id_evaluacion, id_usuario, puntaje) VALUES (67, 3, 73, 62.52);
INSERT INTO inscripcion (id_inscripcion, id_usuario, id_curso, fecha_inscripcion, estado) VALUES (68, 74, 3, '2025-01-26', 'activo');
INSERT INTO avancecurso (id_avance, id_inscripcion, modulo, porcentaje, fecha) VALUES (189, 68, 'Módulo 1', 63, '2025-04-14');
INSERT INTO avancecurso (id_avance, id_inscripcion, modulo, porcentaje, fecha) VALUES (190, 68, 'Módulo 3', 12, '2025-07-09');
INSERT INTO avancecurso (id_avance, id_inscripcion, modulo, porcentaje, fecha) VALUES (191, 68, 'Módulo 2', 68, '2025-03-30');
INSERT INTO evaluacion (id_evaluacion, id_curso, titulo, fecha) VALUES (68, 3, 'Evaluación final curso 3', '2025-05-10');
INSERT INTO resultadoevaluacion (id_resultado, id_evaluacion, id_usuario, puntaje) VALUES (68, 3, 74, 57.47);
INSERT INTO inscripcion (id_inscripcion, id_usuario, id_curso, fecha_inscripcion, estado) VALUES (69, 75, 3, '2025-04-27', 'activo');
INSERT INTO avancecurso (id_avance, id_inscripcion, modulo, porcentaje, fecha) VALUES (192, 69, 'Módulo 6', 58, '2025-04-09');
INSERT INTO avancecurso (id_avance, id_inscripcion, modulo, porcentaje, fecha) VALUES (193, 69, 'Módulo 3', 54, '2025-05-21');
INSERT INTO avancecurso (id_avance, id_inscripcion, modulo, porcentaje, fecha) VALUES (194, 69, 'Módulo 4', 38, '2025-03-06');
INSERT INTO evaluacion (id_evaluacion, id_curso, titulo, fecha) VALUES (69, 3, 'Evaluación final curso 3', '2025-04-14');
INSERT INTO resultadoevaluacion (id_resultado, id_evaluacion, id_usuario, puntaje) VALUES (69, 3, 75, 53.12);
INSERT INTO inscripcion (id_inscripcion, id_usuario, id_curso, fecha_inscripcion, estado) VALUES (70, 76, 3, '2025-06-21', 'activo');
INSERT INTO avancecurso (id_avance, id_inscripcion, modulo, porcentaje, fecha) VALUES (195, 70, 'Módulo 6', 83, '2025-04-01');
INSERT INTO avancecurso (id_avance, id_inscripcion, modulo, porcentaje, fecha) VALUES (196, 70, 'Módulo 1', 61, '2025-04-10');
INSERT INTO avancecurso (id_avance, id_inscripcion, modulo, porcentaje, fecha) VALUES (197, 70, 'Módulo 5', 69, '2025-02-21');
INSERT INTO avancecurso (id_avance, id_inscripcion, modulo, porcentaje, fecha) VALUES (198, 70, 'Módulo 3', 69, '2025-04-23');
INSERT INTO evaluacion (id_evaluacion, id_curso, titulo, fecha) VALUES (70, 3, 'Evaluación final curso 3', '2025-02-14');
INSERT INTO resultadoevaluacion (id_resultado, id_evaluacion, id_usuario, puntaje) VALUES (70, 3, 76, 60.27);
INSERT INTO inscripcion (id_inscripcion, id_usuario, id_curso, fecha_inscripcion, estado) VALUES (71, 77, 3, '2025-06-15', 'activo');
INSERT INTO avancecurso (id_avance, id_inscripcion, modulo, porcentaje, fecha) VALUES (199, 71, 'Módulo 5', 43, '2025-03-04');
INSERT INTO avancecurso (id_avance, id_inscripcion, modulo, porcentaje, fecha) VALUES (200, 71, 'Módulo 6', 47, '2025-02-23');
INSERT INTO evaluacion (id_evaluacion, id_curso, titulo, fecha) VALUES (71, 3, 'Evaluación final curso 3', '2025-06-16');
INSERT INTO resultadoevaluacion (id_resultado, id_evaluacion, id_usuario, puntaje) VALUES (71, 3, 77, 54.09);
INSERT INTO inscripcion (id_inscripcion, id_usuario, id_curso, fecha_inscripcion, estado) VALUES (72, 78, 3, '2025-05-22', 'activo');
INSERT INTO avancecurso (id_avance, id_inscripcion, modulo, porcentaje, fecha) VALUES (201, 72, 'Módulo 6', 71, '2025-05-10');
INSERT INTO avancecurso (id_avance, id_inscripcion, modulo, porcentaje, fecha) VALUES (202, 72, 'Módulo 6', 12, '2025-06-04');
INSERT INTO avancecurso (id_avance, id_inscripcion, modulo, porcentaje, fecha) VALUES (203, 72, 'Módulo 1', 53, '2025-02-26');
INSERT INTO evaluacion (id_evaluacion, id_curso, titulo, fecha) VALUES (72, 3, 'Evaluación final curso 3', '2025-04-21');
INSERT INTO resultadoevaluacion (id_resultado, id_evaluacion, id_usuario, puntaje) VALUES (72, 3, 78, 88.98);
INSERT INTO inscripcion (id_inscripcion, id_usuario, id_curso, fecha_inscripcion, estado) VALUES (73, 79, 3, '2025-03-30', 'activo');
INSERT INTO avancecurso (id_avance, id_inscripcion, modulo, porcentaje, fecha) VALUES (204, 73, 'Módulo 4', 55, '2025-06-18');
INSERT INTO avancecurso (id_avance, id_inscripcion, modulo, porcentaje, fecha) VALUES (205, 73, 'Módulo 5', 99, '2025-06-30');
INSERT INTO avancecurso (id_avance, id_inscripcion, modulo, porcentaje, fecha) VALUES (206, 73, 'Módulo 6', 87, '2025-03-18');
INSERT INTO evaluacion (id_evaluacion, id_curso, titulo, fecha) VALUES (73, 3, 'Evaluación final curso 3', '2025-07-07');
INSERT INTO resultadoevaluacion (id_resultado, id_evaluacion, id_usuario, puntaje) VALUES (73, 3, 79, 96.31);
INSERT INTO inscripcion (id_inscripcion, id_usuario, id_curso, fecha_inscripcion, estado) VALUES (74, 80, 3, '2025-07-05', 'activo');
INSERT INTO avancecurso (id_avance, id_inscripcion, modulo, porcentaje, fecha) VALUES (207, 74, 'Módulo 6', 31, '2025-04-09');
INSERT INTO avancecurso (id_avance, id_inscripcion, modulo, porcentaje, fecha) VALUES (208, 74, 'Módulo 6', 70, '2025-06-29');
INSERT INTO avancecurso (id_avance, id_inscripcion, modulo, porcentaje, fecha) VALUES (209, 74, 'Módulo 3', 12, '2025-04-16');
INSERT INTO avancecurso (id_avance, id_inscripcion, modulo, porcentaje, fecha) VALUES (210, 74, 'Módulo 3', 33, '2025-05-25');
INSERT INTO evaluacion (id_evaluacion, id_curso, titulo, fecha) VALUES (74, 3, 'Evaluación final curso 3', '2025-06-14');
INSERT INTO resultadoevaluacion (id_resultado, id_evaluacion, id_usuario, puntaje) VALUES (74, 3, 80, 85.58);
INSERT INTO inscripcion (id_inscripcion, id_usuario, id_curso, fecha_inscripcion, estado) VALUES (75, 81, 3, '2025-01-30', 'activo');
INSERT INTO avancecurso (id_avance, id_inscripcion, modulo, porcentaje, fecha) VALUES (211, 75, 'Módulo 2', 96, '2025-02-20');
INSERT INTO avancecurso (id_avance, id_inscripcion, modulo, porcentaje, fecha) VALUES (212, 75, 'Módulo 3', 40, '2025-02-02');
INSERT INTO avancecurso (id_avance, id_inscripcion, modulo, porcentaje, fecha) VALUES (213, 75, 'Módulo 6', 65, '2025-04-19');
INSERT INTO evaluacion (id_evaluacion, id_curso, titulo, fecha) VALUES (75, 3, 'Evaluación final curso 3', '2025-02-07');
INSERT INTO resultadoevaluacion (id_resultado, id_evaluacion, id_usuario, puntaje) VALUES (75, 3, 81, 92.37);
INSERT INTO inscripcion (id_inscripcion, id_usuario, id_curso, fecha_inscripcion, estado) VALUES (76, 82, 3, '2025-05-22', 'activo');
INSERT INTO avancecurso (id_avance, id_inscripcion, modulo, porcentaje, fecha) VALUES (214, 76, 'Módulo 4', 62, '2025-05-12');
INSERT INTO avancecurso (id_avance, id_inscripcion, modulo, porcentaje, fecha) VALUES (215, 76, 'Módulo 6', 32, '2025-01-18');
INSERT INTO evaluacion (id_evaluacion, id_curso, titulo, fecha) VALUES (76, 3, 'Evaluación final curso 3', '2025-05-13');
INSERT INTO resultadoevaluacion (id_resultado, id_evaluacion, id_usuario, puntaje) VALUES (76, 3, 82, 74.72);
INSERT INTO inscripcion (id_inscripcion, id_usuario, id_curso, fecha_inscripcion, estado) VALUES (77, 83, 3, '2025-05-18', 'activo');
INSERT INTO avancecurso (id_avance, id_inscripcion, modulo, porcentaje, fecha) VALUES (216, 77, 'Módulo 4', 43, '2025-05-25');
INSERT INTO avancecurso (id_avance, id_inscripcion, modulo, porcentaje, fecha) VALUES (217, 77, 'Módulo 3', 28, '2025-01-05');
INSERT INTO avancecurso (id_avance, id_inscripcion, modulo, porcentaje, fecha) VALUES (218, 77, 'Módulo 5', 10, '2025-07-05');
INSERT INTO avancecurso (id_avance, id_inscripcion, modulo, porcentaje, fecha) VALUES (219, 77, 'Módulo 3', 83, '2025-07-06');
INSERT INTO evaluacion (id_evaluacion, id_curso, titulo, fecha) VALUES (77, 3, 'Evaluación final curso 3', '2025-02-24');
INSERT INTO resultadoevaluacion (id_resultado, id_evaluacion, id_usuario, puntaje) VALUES (77, 3, 83, 83.95);
INSERT INTO inscripcion (id_inscripcion, id_usuario, id_curso, fecha_inscripcion, estado) VALUES (78, 84, 3, '2025-03-15', 'activo');
INSERT INTO avancecurso (id_avance, id_inscripcion, modulo, porcentaje, fecha) VALUES (220, 78, 'Módulo 2', 61, '2025-06-15');
INSERT INTO avancecurso (id_avance, id_inscripcion, modulo, porcentaje, fecha) VALUES (221, 78, 'Módulo 2', 77, '2025-06-12');
INSERT INTO avancecurso (id_avance, id_inscripcion, modulo, porcentaje, fecha) VALUES (222, 78, 'Módulo 3', 39, '2025-04-29');
INSERT INTO evaluacion (id_evaluacion, id_curso, titulo, fecha) VALUES (78, 3, 'Evaluación final curso 3', '2025-06-25');
INSERT INTO resultadoevaluacion (id_resultado, id_evaluacion, id_usuario, puntaje) VALUES (78, 3, 84, 61.65);
INSERT INTO inscripcion (id_inscripcion, id_usuario, id_curso, fecha_inscripcion, estado) VALUES (79, 85, 3, '2025-03-19', 'activo');
INSERT INTO avancecurso (id_avance, id_inscripcion, modulo, porcentaje, fecha) VALUES (223, 79, 'Módulo 3', 15, '2025-01-14');
INSERT INTO avancecurso (id_avance, id_inscripcion, modulo, porcentaje, fecha) VALUES (224, 79, 'Módulo 5', 14, '2025-03-09');
INSERT INTO avancecurso (id_avance, id_inscripcion, modulo, porcentaje, fecha) VALUES (225, 79, 'Módulo 4', 59, '2025-03-05');
INSERT INTO evaluacion (id_evaluacion, id_curso, titulo, fecha) VALUES (79, 3, 'Evaluación final curso 3', '2025-02-15');
INSERT INTO resultadoevaluacion (id_resultado, id_evaluacion, id_usuario, puntaje) VALUES (79, 3, 85, 48.64);
INSERT INTO inscripcion (id_inscripcion, id_usuario, id_curso, fecha_inscripcion, estado) VALUES (80, 86, 3, '2025-04-30', 'activo');
INSERT INTO avancecurso (id_avance, id_inscripcion, modulo, porcentaje, fecha) VALUES (226, 80, 'Módulo 3', 85, '2025-05-09');
INSERT INTO avancecurso (id_avance, id_inscripcion, modulo, porcentaje, fecha) VALUES (227, 80, 'Módulo 6', 38, '2025-02-24');
INSERT INTO avancecurso (id_avance, id_inscripcion, modulo, porcentaje, fecha) VALUES (228, 80, 'Módulo 5', 95, '2025-03-20');
INSERT INTO avancecurso (id_avance, id_inscripcion, modulo, porcentaje, fecha) VALUES (229, 80, 'Módulo 3', 48, '2025-06-04');
INSERT INTO evaluacion (id_evaluacion, id_curso, titulo, fecha) VALUES (80, 3, 'Evaluación final curso 3', '2025-06-14');
INSERT INTO resultadoevaluacion (id_resultado, id_evaluacion, id_usuario, puntaje) VALUES (80, 3, 86, 57.93);
INSERT INTO inscripcion (id_inscripcion, id_usuario, id_curso, fecha_inscripcion, estado) VALUES (81, 87, 3, '2025-05-08', 'activo');
INSERT INTO avancecurso (id_avance, id_inscripcion, modulo, porcentaje, fecha) VALUES (230, 81, 'Módulo 2', 37, '2025-03-02');
INSERT INTO avancecurso (id_avance, id_inscripcion, modulo, porcentaje, fecha) VALUES (231, 81, 'Módulo 3', 18, '2025-03-19');
INSERT INTO avancecurso (id_avance, id_inscripcion, modulo, porcentaje, fecha) VALUES (232, 81, 'Módulo 6', 16, '2025-03-14');
INSERT INTO avancecurso (id_avance, id_inscripcion, modulo, porcentaje, fecha) VALUES (233, 81, 'Módulo 3', 29, '2025-05-02');
INSERT INTO evaluacion (id_evaluacion, id_curso, titulo, fecha) VALUES (81, 3, 'Evaluación final curso 3', '2025-01-09');
INSERT INTO resultadoevaluacion (id_resultado, id_evaluacion, id_usuario, puntaje) VALUES (81, 3, 87, 63.11);
INSERT INTO inscripcion (id_inscripcion, id_usuario, id_curso, fecha_inscripcion, estado) VALUES (82, 88, 3, '2025-03-29', 'activo');
INSERT INTO avancecurso (id_avance, id_inscripcion, modulo, porcentaje, fecha) VALUES (234, 82, 'Módulo 4', 91, '2025-06-05');
INSERT INTO avancecurso (id_avance, id_inscripcion, modulo, porcentaje, fecha) VALUES (235, 82, 'Módulo 6', 89, '2025-04-27');
INSERT INTO evaluacion (id_evaluacion, id_curso, titulo, fecha) VALUES (82, 3, 'Evaluación final curso 3', '2025-02-07');
INSERT INTO resultadoevaluacion (id_resultado, id_evaluacion, id_usuario, puntaje) VALUES (82, 3, 88, 87.77);
INSERT INTO inscripcion (id_inscripcion, id_usuario, id_curso, fecha_inscripcion, estado) VALUES (83, 89, 3, '2025-06-15', 'activo');
INSERT INTO avancecurso (id_avance, id_inscripcion, modulo, porcentaje, fecha) VALUES (236, 83, 'Módulo 1', 38, '2025-01-25');
INSERT INTO avancecurso (id_avance, id_inscripcion, modulo, porcentaje, fecha) VALUES (237, 83, 'Módulo 3', 11, '2025-05-08');
INSERT INTO evaluacion (id_evaluacion, id_curso, titulo, fecha) VALUES (83, 3, 'Evaluación final curso 3', '2025-05-13');
INSERT INTO resultadoevaluacion (id_resultado, id_evaluacion, id_usuario, puntaje) VALUES (83, 3, 89, 70.43);
INSERT INTO inscripcion (id_inscripcion, id_usuario, id_curso, fecha_inscripcion, estado) VALUES (84, 90, 3, '2025-02-28', 'activo');
INSERT INTO avancecurso (id_avance, id_inscripcion, modulo, porcentaje, fecha) VALUES (238, 84, 'Módulo 5', 14, '2025-05-29');
INSERT INTO avancecurso (id_avance, id_inscripcion, modulo, porcentaje, fecha) VALUES (239, 84, 'Módulo 4', 57, '2025-05-09');
INSERT INTO avancecurso (id_avance, id_inscripcion, modulo, porcentaje, fecha) VALUES (240, 84, 'Módulo 4', 95, '2025-04-23');
INSERT INTO evaluacion (id_evaluacion, id_curso, titulo, fecha) VALUES (84, 3, 'Evaluación final curso 3', '2025-06-10');
INSERT INTO resultadoevaluacion (id_resultado, id_evaluacion, id_usuario, puntaje) VALUES (84, 3, 90, 91.02);
INSERT INTO inscripcion (id_inscripcion, id_usuario, id_curso, fecha_inscripcion, estado) VALUES (85, 91, 3, '2025-01-15', 'activo');
INSERT INTO avancecurso (id_avance, id_inscripcion, modulo, porcentaje, fecha) VALUES (241, 85, 'Módulo 4', 99, '2025-04-05');
INSERT INTO avancecurso (id_avance, id_inscripcion, modulo, porcentaje, fecha) VALUES (242, 85, 'Módulo 5', 55, '2025-05-29');
INSERT INTO evaluacion (id_evaluacion, id_curso, titulo, fecha) VALUES (85, 3, 'Evaluación final curso 3', '2025-01-10');
INSERT INTO resultadoevaluacion (id_resultado, id_evaluacion, id_usuario, puntaje) VALUES (85, 3, 91, 63.63);
INSERT INTO inscripcion (id_inscripcion, id_usuario, id_curso, fecha_inscripcion, estado) VALUES (86, 92, 3, '2025-05-14', 'activo');
INSERT INTO avancecurso (id_avance, id_inscripcion, modulo, porcentaje, fecha) VALUES (243, 86, 'Módulo 6', 50, '2025-06-29');
INSERT INTO avancecurso (id_avance, id_inscripcion, modulo, porcentaje, fecha) VALUES (244, 86, 'Módulo 3', 36, '2025-03-23');
INSERT INTO avancecurso (id_avance, id_inscripcion, modulo, porcentaje, fecha) VALUES (245, 86, 'Módulo 5', 86, '2025-02-17');
INSERT INTO avancecurso (id_avance, id_inscripcion, modulo, porcentaje, fecha) VALUES (246, 86, 'Módulo 4', 49, '2025-07-10');
INSERT INTO evaluacion (id_evaluacion, id_curso, titulo, fecha) VALUES (86, 3, 'Evaluación final curso 3', '2025-03-21');
INSERT INTO resultadoevaluacion (id_resultado, id_evaluacion, id_usuario, puntaje) VALUES (86, 3, 92, 89.19);
INSERT INTO inscripcion (id_inscripcion, id_usuario, id_curso, fecha_inscripcion, estado) VALUES (87, 93, 3, '2025-01-29', 'activo');
INSERT INTO avancecurso (id_avance, id_inscripcion, modulo, porcentaje, fecha) VALUES (247, 87, 'Módulo 1', 54, '2025-04-12');
INSERT INTO avancecurso (id_avance, id_inscripcion, modulo, porcentaje, fecha) VALUES (248, 87, 'Módulo 5', 77, '2025-02-20');
INSERT INTO evaluacion (id_evaluacion, id_curso, titulo, fecha) VALUES (87, 3, 'Evaluación final curso 3', '2025-03-02');
INSERT INTO resultadoevaluacion (id_resultado, id_evaluacion, id_usuario, puntaje) VALUES (87, 3, 93, 73.81);
INSERT INTO inscripcion (id_inscripcion, id_usuario, id_curso, fecha_inscripcion, estado) VALUES (88, 94, 3, '2025-02-13', 'activo');
INSERT INTO avancecurso (id_avance, id_inscripcion, modulo, porcentaje, fecha) VALUES (249, 88, 'Módulo 1', 30, '2025-03-10');
INSERT INTO avancecurso (id_avance, id_inscripcion, modulo, porcentaje, fecha) VALUES (250, 88, 'Módulo 6', 12, '2025-04-17');
INSERT INTO avancecurso (id_avance, id_inscripcion, modulo, porcentaje, fecha) VALUES (251, 88, 'Módulo 3', 63, '2025-01-06');
INSERT INTO avancecurso (id_avance, id_inscripcion, modulo, porcentaje, fecha) VALUES (252, 88, 'Módulo 6', 15, '2025-03-08');
INSERT INTO evaluacion (id_evaluacion, id_curso, titulo, fecha) VALUES (88, 3, 'Evaluación final curso 3', '2025-01-01');
INSERT INTO resultadoevaluacion (id_resultado, id_evaluacion, id_usuario, puntaje) VALUES (88, 3, 94, 69.55);
INSERT INTO inscripcion (id_inscripcion, id_usuario, id_curso, fecha_inscripcion, estado) VALUES (89, 95, 3, '2025-01-02', 'activo');
INSERT INTO avancecurso (id_avance, id_inscripcion, modulo, porcentaje, fecha) VALUES (253, 89, 'Módulo 2', 86, '2025-04-14');
INSERT INTO avancecurso (id_avance, id_inscripcion, modulo, porcentaje, fecha) VALUES (254, 89, 'Módulo 2', 69, '2025-04-02');
INSERT INTO avancecurso (id_avance, id_inscripcion, modulo, porcentaje, fecha) VALUES (255, 89, 'Módulo 4', 18, '2025-07-06');
INSERT INTO avancecurso (id_avance, id_inscripcion, modulo, porcentaje, fecha) VALUES (256, 89, 'Módulo 6', 90, '2025-02-24');
INSERT INTO evaluacion (id_evaluacion, id_curso, titulo, fecha) VALUES (89, 3, 'Evaluación final curso 3', '2025-03-07');
INSERT INTO resultadoevaluacion (id_resultado, id_evaluacion, id_usuario, puntaje) VALUES (89, 3, 95, 71.99);
INSERT INTO inscripcion (id_inscripcion, id_usuario, id_curso, fecha_inscripcion, estado) VALUES (90, 96, 3, '2025-02-12', 'activo');
INSERT INTO avancecurso (id_avance, id_inscripcion, modulo, porcentaje, fecha) VALUES (257, 90, 'Módulo 6', 31, '2025-02-01');
INSERT INTO avancecurso (id_avance, id_inscripcion, modulo, porcentaje, fecha) VALUES (258, 90, 'Módulo 4', 33, '2025-05-26');
INSERT INTO avancecurso (id_avance, id_inscripcion, modulo, porcentaje, fecha) VALUES (259, 90, 'Módulo 2', 73, '2025-02-12');
INSERT INTO evaluacion (id_evaluacion, id_curso, titulo, fecha) VALUES (90, 3, 'Evaluación final curso 3', '2025-04-02');
INSERT INTO resultadoevaluacion (id_resultado, id_evaluacion, id_usuario, puntaje) VALUES (90, 3, 96, 82.79);
INSERT INTO inscripcion (id_inscripcion, id_usuario, id_curso, fecha_inscripcion, estado) VALUES (91, 97, 3, '2025-01-04', 'activo');
INSERT INTO avancecurso (id_avance, id_inscripcion, modulo, porcentaje, fecha) VALUES (260, 91, 'Módulo 1', 71, '2025-02-03');
INSERT INTO avancecurso (id_avance, id_inscripcion, modulo, porcentaje, fecha) VALUES (261, 91, 'Módulo 1', 66, '2025-04-11');
INSERT INTO evaluacion (id_evaluacion, id_curso, titulo, fecha) VALUES (91, 3, 'Evaluación final curso 3', '2025-07-04');
INSERT INTO resultadoevaluacion (id_resultado, id_evaluacion, id_usuario, puntaje) VALUES (91, 3, 97, 50.29);
INSERT INTO inscripcion (id_inscripcion, id_usuario, id_curso, fecha_inscripcion, estado) VALUES (92, 98, 3, '2025-03-31', 'activo');
INSERT INTO avancecurso (id_avance, id_inscripcion, modulo, porcentaje, fecha) VALUES (262, 92, 'Módulo 5', 48, '2025-02-05');
INSERT INTO avancecurso (id_avance, id_inscripcion, modulo, porcentaje, fecha) VALUES (263, 92, 'Módulo 6', 41, '2025-05-15');
INSERT INTO evaluacion (id_evaluacion, id_curso, titulo, fecha) VALUES (92, 3, 'Evaluación final curso 3', '2025-03-25');
INSERT INTO resultadoevaluacion (id_resultado, id_evaluacion, id_usuario, puntaje) VALUES (92, 3, 98, 73.79);
INSERT INTO inscripcion (id_inscripcion, id_usuario, id_curso, fecha_inscripcion, estado) VALUES (93, 99, 3, '2025-01-26', 'activo');
INSERT INTO avancecurso (id_avance, id_inscripcion, modulo, porcentaje, fecha) VALUES (264, 93, 'Módulo 2', 48, '2025-02-13');
INSERT INTO avancecurso (id_avance, id_inscripcion, modulo, porcentaje, fecha) VALUES (265, 93, 'Módulo 4', 23, '2025-03-01');
INSERT INTO avancecurso (id_avance, id_inscripcion, modulo, porcentaje, fecha) VALUES (266, 93, 'Módulo 1', 93, '2025-04-19');
INSERT INTO evaluacion (id_evaluacion, id_curso, titulo, fecha) VALUES (93, 3, 'Evaluación final curso 3', '2025-01-08');
INSERT INTO resultadoevaluacion (id_resultado, id_evaluacion, id_usuario, puntaje) VALUES (93, 3, 99, 60.28);
INSERT INTO inscripcion (id_inscripcion, id_usuario, id_curso, fecha_inscripcion, estado) VALUES (94, 100, 3, '2025-05-31', 'activo');
INSERT INTO avancecurso (id_avance, id_inscripcion, modulo, porcentaje, fecha) VALUES (267, 94, 'Módulo 6', 25, '2025-01-14');
INSERT INTO avancecurso (id_avance, id_inscripcion, modulo, porcentaje, fecha) VALUES (268, 94, 'Módulo 1', 68, '2025-02-28');
INSERT INTO avancecurso (id_avance, id_inscripcion, modulo, porcentaje, fecha) VALUES (269, 94, 'Módulo 4', 82, '2025-04-26');
INSERT INTO avancecurso (id_avance, id_inscripcion, modulo, porcentaje, fecha) VALUES (270, 94, 'Módulo 5', 31, '2025-01-26');
INSERT INTO evaluacion (id_evaluacion, id_curso, titulo, fecha) VALUES (94, 3, 'Evaluación final curso 3', '2025-04-16');
INSERT INTO resultadoevaluacion (id_resultado, id_evaluacion, id_usuario, puntaje) VALUES (94, 3, 100, 99.30);
INSERT INTO inscripcion (id_inscripcion, id_usuario, id_curso, fecha_inscripcion, estado) VALUES (95, 101, 3, '2025-01-30', 'activo');
INSERT INTO avancecurso (id_avance, id_inscripcion, modulo, porcentaje, fecha) VALUES (271, 95, 'Módulo 4', 15, '2025-05-01');
INSERT INTO avancecurso (id_avance, id_inscripcion, modulo, porcentaje, fecha) VALUES (272, 95, 'Módulo 3', 66, '2025-01-15');
INSERT INTO avancecurso (id_avance, id_inscripcion, modulo, porcentaje, fecha) VALUES (273, 95, 'Módulo 2', 55, '2025-01-29');
INSERT INTO evaluacion (id_evaluacion, id_curso, titulo, fecha) VALUES (95, 3, 'Evaluación final curso 3', '2025-05-27');
INSERT INTO resultadoevaluacion (id_resultado, id_evaluacion, id_usuario, puntaje) VALUES (95, 3, 101, 74.26);
INSERT INTO inscripcion (id_inscripcion, id_usuario, id_curso, fecha_inscripcion, estado) VALUES (96, 102, 3, '2025-06-24', 'activo');
INSERT INTO avancecurso (id_avance, id_inscripcion, modulo, porcentaje, fecha) VALUES (274, 96, 'Módulo 6', 98, '2025-02-19');
INSERT INTO avancecurso (id_avance, id_inscripcion, modulo, porcentaje, fecha) VALUES (275, 96, 'Módulo 5', 72, '2025-05-28');
INSERT INTO avancecurso (id_avance, id_inscripcion, modulo, porcentaje, fecha) VALUES (276, 96, 'Módulo 5', 57, '2025-03-17');
INSERT INTO avancecurso (id_avance, id_inscripcion, modulo, porcentaje, fecha) VALUES (277, 96, 'Módulo 5', 50, '2025-03-28');
INSERT INTO evaluacion (id_evaluacion, id_curso, titulo, fecha) VALUES (96, 3, 'Evaluación final curso 3', '2025-03-25');
INSERT INTO resultadoevaluacion (id_resultado, id_evaluacion, id_usuario, puntaje) VALUES (96, 3, 102, 83.19);
INSERT INTO inscripcion (id_inscripcion, id_usuario, id_curso, fecha_inscripcion, estado) VALUES (97, 103, 3, '2025-03-19', 'activo');
INSERT INTO avancecurso (id_avance, id_inscripcion, modulo, porcentaje, fecha) VALUES (278, 97, 'Módulo 2', 58, '2025-05-12');
INSERT INTO avancecurso (id_avance, id_inscripcion, modulo, porcentaje, fecha) VALUES (279, 97, 'Módulo 5', 79, '2025-03-14');
INSERT INTO avancecurso (id_avance, id_inscripcion, modulo, porcentaje, fecha) VALUES (280, 97, 'Módulo 5', 69, '2025-01-04');
INSERT INTO evaluacion (id_evaluacion, id_curso, titulo, fecha) VALUES (97, 3, 'Evaluación final curso 3', '2025-04-19');
INSERT INTO resultadoevaluacion (id_resultado, id_evaluacion, id_usuario, puntaje) VALUES (97, 3, 103, 99.06);
INSERT INTO inscripcion (id_inscripcion, id_usuario, id_curso, fecha_inscripcion, estado) VALUES (98, 104, 3, '2025-04-13', 'activo');
INSERT INTO avancecurso (id_avance, id_inscripcion, modulo, porcentaje, fecha) VALUES (281, 98, 'Módulo 1', 88, '2025-05-11');
INSERT INTO avancecurso (id_avance, id_inscripcion, modulo, porcentaje, fecha) VALUES (282, 98, 'Módulo 4', 46, '2025-05-24');
INSERT INTO avancecurso (id_avance, id_inscripcion, modulo, porcentaje, fecha) VALUES (283, 98, 'Módulo 2', 32, '2025-04-27');
INSERT INTO avancecurso (id_avance, id_inscripcion, modulo, porcentaje, fecha) VALUES (284, 98, 'Módulo 2', 51, '2025-02-04');
INSERT INTO evaluacion (id_evaluacion, id_curso, titulo, fecha) VALUES (98, 3, 'Evaluación final curso 3', '2025-01-18');
INSERT INTO resultadoevaluacion (id_resultado, id_evaluacion, id_usuario, puntaje) VALUES (98, 3, 104, 81.07);
INSERT INTO inscripcion (id_inscripcion, id_usuario, id_curso, fecha_inscripcion, estado) VALUES (99, 105, 3, '2025-02-28', 'activo');
INSERT INTO avancecurso (id_avance, id_inscripcion, modulo, porcentaje, fecha) VALUES (285, 99, 'Módulo 5', 55, '2025-07-09');
INSERT INTO avancecurso (id_avance, id_inscripcion, modulo, porcentaje, fecha) VALUES (286, 99, 'Módulo 4', 40, '2025-04-01');
INSERT INTO avancecurso (id_avance, id_inscripcion, modulo, porcentaje, fecha) VALUES (287, 99, 'Módulo 4', 20, '2025-05-03');
INSERT INTO evaluacion (id_evaluacion, id_curso, titulo, fecha) VALUES (99, 3, 'Evaluación final curso 3', '2025-03-09');
INSERT INTO resultadoevaluacion (id_resultado, id_evaluacion, id_usuario, puntaje) VALUES (99, 3, 105, 82.10);
INSERT INTO inscripcion (id_inscripcion, id_usuario, id_curso, fecha_inscripcion, estado) VALUES (100, 106, 3, '2025-05-28', 'activo');
INSERT INTO avancecurso (id_avance, id_inscripcion, modulo, porcentaje, fecha) VALUES (288, 100, 'Módulo 6', 55, '2025-03-02');
INSERT INTO avancecurso (id_avance, id_inscripcion, modulo, porcentaje, fecha) VALUES (289, 100, 'Módulo 5', 36, '2025-04-05');
INSERT INTO evaluacion (id_evaluacion, id_curso, titulo, fecha) VALUES (100, 3, 'Evaluación final curso 3', '2025-05-22');
INSERT INTO resultadoevaluacion (id_resultado, id_evaluacion, id_usuario, puntaje) VALUES (100, 3, 106, 80.83);
INSERT INTO inscripcion (id_inscripcion, id_usuario, id_curso, fecha_inscripcion, estado) VALUES (101, 107, 3, '2025-02-16', 'activo');
INSERT INTO avancecurso (id_avance, id_inscripcion, modulo, porcentaje, fecha) VALUES (290, 101, 'Módulo 1', 76, '2025-01-28');
INSERT INTO avancecurso (id_avance, id_inscripcion, modulo, porcentaje, fecha) VALUES (291, 101, 'Módulo 3', 17, '2025-07-02');
INSERT INTO avancecurso (id_avance, id_inscripcion, modulo, porcentaje, fecha) VALUES (292, 101, 'Módulo 3', 62, '2025-06-06');
INSERT INTO evaluacion (id_evaluacion, id_curso, titulo, fecha) VALUES (101, 3, 'Evaluación final curso 3', '2025-04-30');
INSERT INTO resultadoevaluacion (id_resultado, id_evaluacion, id_usuario, puntaje) VALUES (101, 3, 107, 77.54);
INSERT INTO inscripcion (id_inscripcion, id_usuario, id_curso, fecha_inscripcion, estado) VALUES (102, 108, 3, '2025-04-18', 'activo');
INSERT INTO avancecurso (id_avance, id_inscripcion, modulo, porcentaje, fecha) VALUES (293, 102, 'Módulo 2', 47, '2025-07-02');
INSERT INTO avancecurso (id_avance, id_inscripcion, modulo, porcentaje, fecha) VALUES (294, 102, 'Módulo 5', 15, '2025-02-24');
INSERT INTO avancecurso (id_avance, id_inscripcion, modulo, porcentaje, fecha) VALUES (295, 102, 'Módulo 1', 88, '2025-05-11');
INSERT INTO evaluacion (id_evaluacion, id_curso, titulo, fecha) VALUES (102, 3, 'Evaluación final curso 3', '2025-05-08');
INSERT INTO resultadoevaluacion (id_resultado, id_evaluacion, id_usuario, puntaje) VALUES (102, 3, 108, 69.53);
INSERT INTO inscripcion (id_inscripcion, id_usuario, id_curso, fecha_inscripcion, estado) VALUES (103, 109, 3, '2025-04-09', 'activo');
INSERT INTO avancecurso (id_avance, id_inscripcion, modulo, porcentaje, fecha) VALUES (296, 103, 'Módulo 5', 21, '2025-06-14');
INSERT INTO avancecurso (id_avance, id_inscripcion, modulo, porcentaje, fecha) VALUES (297, 103, 'Módulo 6', 76, '2025-01-27');
INSERT INTO avancecurso (id_avance, id_inscripcion, modulo, porcentaje, fecha) VALUES (298, 103, 'Módulo 3', 75, '2025-01-11');
INSERT INTO avancecurso (id_avance, id_inscripcion, modulo, porcentaje, fecha) VALUES (299, 103, 'Módulo 2', 66, '2025-05-03');
INSERT INTO evaluacion (id_evaluacion, id_curso, titulo, fecha) VALUES (103, 3, 'Evaluación final curso 3', '2025-03-25');
INSERT INTO resultadoevaluacion (id_resultado, id_evaluacion, id_usuario, puntaje) VALUES (103, 3, 109, 95.69);
INSERT INTO inscripcion (id_inscripcion, id_usuario, id_curso, fecha_inscripcion, estado) VALUES (104, 110, 3, '2025-02-25', 'activo');
INSERT INTO avancecurso (id_avance, id_inscripcion, modulo, porcentaje, fecha) VALUES (300, 104, 'Módulo 5', 45, '2025-05-18');
INSERT INTO avancecurso (id_avance, id_inscripcion, modulo, porcentaje, fecha) VALUES (301, 104, 'Módulo 4', 91, '2025-05-18');
INSERT INTO avancecurso (id_avance, id_inscripcion, modulo, porcentaje, fecha) VALUES (302, 104, 'Módulo 4', 90, '2025-04-07');
INSERT INTO evaluacion (id_evaluacion, id_curso, titulo, fecha) VALUES (104, 3, 'Evaluación final curso 3', '2025-05-23');
INSERT INTO resultadoevaluacion (id_resultado, id_evaluacion, id_usuario, puntaje) VALUES (104, 3, 110, 43.97);
INSERT INTO inscripcion (id_inscripcion, id_usuario, id_curso, fecha_inscripcion, estado) VALUES (105, 111, 3, '2025-04-10', 'activo');
INSERT INTO avancecurso (id_avance, id_inscripcion, modulo, porcentaje, fecha) VALUES (303, 105, 'Módulo 3', 22, '2025-01-15');
INSERT INTO avancecurso (id_avance, id_inscripcion, modulo, porcentaje, fecha) VALUES (304, 105, 'Módulo 5', 12, '2025-07-06');
INSERT INTO evaluacion (id_evaluacion, id_curso, titulo, fecha) VALUES (105, 3, 'Evaluación final curso 3', '2025-04-25');
INSERT INTO resultadoevaluacion (id_resultado, id_evaluacion, id_usuario, puntaje) VALUES (105, 3, 111, 40.11);
INSERT INTO inscripcion (id_inscripcion, id_usuario, id_curso, fecha_inscripcion, estado) VALUES (106, 112, 3, '2025-01-24', 'activo');
INSERT INTO avancecurso (id_avance, id_inscripcion, modulo, porcentaje, fecha) VALUES (305, 106, 'Módulo 4', 87, '2025-06-01');
INSERT INTO avancecurso (id_avance, id_inscripcion, modulo, porcentaje, fecha) VALUES (306, 106, 'Módulo 1', 49, '2025-01-27');
INSERT INTO avancecurso (id_avance, id_inscripcion, modulo, porcentaje, fecha) VALUES (307, 106, 'Módulo 2', 63, '2025-05-20');
INSERT INTO evaluacion (id_evaluacion, id_curso, titulo, fecha) VALUES (106, 3, 'Evaluación final curso 3', '2025-05-12');
INSERT INTO resultadoevaluacion (id_resultado, id_evaluacion, id_usuario, puntaje) VALUES (106, 3, 112, 77.81);
INSERT INTO inscripcion (id_inscripcion, id_usuario, id_curso, fecha_inscripcion, estado) VALUES (107, 113, 4, '2025-02-22', 'activo');
INSERT INTO avancecurso (id_avance, id_inscripcion, modulo, porcentaje, fecha) VALUES (308, 107, 'Módulo 3', 73, '2025-02-18');
INSERT INTO avancecurso (id_avance, id_inscripcion, modulo, porcentaje, fecha) VALUES (309, 107, 'Módulo 3', 18, '2025-01-03');
INSERT INTO evaluacion (id_evaluacion, id_curso, titulo, fecha) VALUES (107, 4, 'Evaluación final curso 4', '2025-04-22');
INSERT INTO resultadoevaluacion (id_resultado, id_evaluacion, id_usuario, puntaje) VALUES (107, 4, 113, 95.91);
INSERT INTO inscripcion (id_inscripcion, id_usuario, id_curso, fecha_inscripcion, estado) VALUES (108, 114, 4, '2025-03-01', 'activo');
INSERT INTO avancecurso (id_avance, id_inscripcion, modulo, porcentaje, fecha) VALUES (310, 108, 'Módulo 1', 55, '2025-02-26');
INSERT INTO avancecurso (id_avance, id_inscripcion, modulo, porcentaje, fecha) VALUES (311, 108, 'Módulo 3', 55, '2025-01-19');
INSERT INTO avancecurso (id_avance, id_inscripcion, modulo, porcentaje, fecha) VALUES (312, 108, 'Módulo 6', 28, '2025-07-03');
INSERT INTO evaluacion (id_evaluacion, id_curso, titulo, fecha) VALUES (108, 4, 'Evaluación final curso 4', '2025-03-21');
INSERT INTO resultadoevaluacion (id_resultado, id_evaluacion, id_usuario, puntaje) VALUES (108, 4, 114, 67.27);
INSERT INTO inscripcion (id_inscripcion, id_usuario, id_curso, fecha_inscripcion, estado) VALUES (109, 115, 4, '2025-02-28', 'activo');
INSERT INTO avancecurso (id_avance, id_inscripcion, modulo, porcentaje, fecha) VALUES (313, 109, 'Módulo 3', 32, '2025-02-25');
INSERT INTO avancecurso (id_avance, id_inscripcion, modulo, porcentaje, fecha) VALUES (314, 109, 'Módulo 4', 37, '2025-05-19');
INSERT INTO evaluacion (id_evaluacion, id_curso, titulo, fecha) VALUES (109, 4, 'Evaluación final curso 4', '2025-04-06');
INSERT INTO resultadoevaluacion (id_resultado, id_evaluacion, id_usuario, puntaje) VALUES (109, 4, 115, 90.37);
INSERT INTO inscripcion (id_inscripcion, id_usuario, id_curso, fecha_inscripcion, estado) VALUES (110, 116, 4, '2025-03-08', 'activo');
INSERT INTO avancecurso (id_avance, id_inscripcion, modulo, porcentaje, fecha) VALUES (315, 110, 'Módulo 2', 29, '2025-07-07');
INSERT INTO avancecurso (id_avance, id_inscripcion, modulo, porcentaje, fecha) VALUES (316, 110, 'Módulo 4', 89, '2025-03-07');
INSERT INTO avancecurso (id_avance, id_inscripcion, modulo, porcentaje, fecha) VALUES (317, 110, 'Módulo 1', 98, '2025-05-31');
INSERT INTO avancecurso (id_avance, id_inscripcion, modulo, porcentaje, fecha) VALUES (318, 110, 'Módulo 3', 66, '2025-04-24');
INSERT INTO evaluacion (id_evaluacion, id_curso, titulo, fecha) VALUES (110, 4, 'Evaluación final curso 4', '2025-05-09');
INSERT INTO resultadoevaluacion (id_resultado, id_evaluacion, id_usuario, puntaje) VALUES (110, 4, 116, 47.93);
INSERT INTO inscripcion (id_inscripcion, id_usuario, id_curso, fecha_inscripcion, estado) VALUES (111, 117, 4, '2025-03-07', 'activo');
INSERT INTO avancecurso (id_avance, id_inscripcion, modulo, porcentaje, fecha) VALUES (319, 111, 'Módulo 4', 61, '2025-06-04');
INSERT INTO avancecurso (id_avance, id_inscripcion, modulo, porcentaje, fecha) VALUES (320, 111, 'Módulo 3', 65, '2025-06-10');
INSERT INTO avancecurso (id_avance, id_inscripcion, modulo, porcentaje, fecha) VALUES (321, 111, 'Módulo 3', 96, '2025-05-03');
INSERT INTO avancecurso (id_avance, id_inscripcion, modulo, porcentaje, fecha) VALUES (322, 111, 'Módulo 6', 24, '2025-05-07');
INSERT INTO evaluacion (id_evaluacion, id_curso, titulo, fecha) VALUES (111, 4, 'Evaluación final curso 4', '2025-05-15');
INSERT INTO resultadoevaluacion (id_resultado, id_evaluacion, id_usuario, puntaje) VALUES (111, 4, 117, 67.08);
INSERT INTO inscripcion (id_inscripcion, id_usuario, id_curso, fecha_inscripcion, estado) VALUES (112, 118, 4, '2025-06-10', 'activo');
INSERT INTO avancecurso (id_avance, id_inscripcion, modulo, porcentaje, fecha) VALUES (323, 112, 'Módulo 3', 26, '2025-03-26');
INSERT INTO avancecurso (id_avance, id_inscripcion, modulo, porcentaje, fecha) VALUES (324, 112, 'Módulo 1', 24, '2025-05-16');
INSERT INTO avancecurso (id_avance, id_inscripcion, modulo, porcentaje, fecha) VALUES (325, 112, 'Módulo 2', 54, '2025-02-12');
INSERT INTO evaluacion (id_evaluacion, id_curso, titulo, fecha) VALUES (112, 4, 'Evaluación final curso 4', '2025-02-16');
INSERT INTO resultadoevaluacion (id_resultado, id_evaluacion, id_usuario, puntaje) VALUES (112, 4, 118, 78.55);
INSERT INTO inscripcion (id_inscripcion, id_usuario, id_curso, fecha_inscripcion, estado) VALUES (113, 119, 4, '2025-02-20', 'activo');
INSERT INTO avancecurso (id_avance, id_inscripcion, modulo, porcentaje, fecha) VALUES (326, 113, 'Módulo 1', 70, '2025-06-02');
INSERT INTO avancecurso (id_avance, id_inscripcion, modulo, porcentaje, fecha) VALUES (327, 113, 'Módulo 2', 31, '2025-05-13');
INSERT INTO evaluacion (id_evaluacion, id_curso, titulo, fecha) VALUES (113, 4, 'Evaluación final curso 4', '2025-03-18');
INSERT INTO resultadoevaluacion (id_resultado, id_evaluacion, id_usuario, puntaje) VALUES (113, 4, 119, 86.14);
INSERT INTO inscripcion (id_inscripcion, id_usuario, id_curso, fecha_inscripcion, estado) VALUES (114, 120, 4, '2025-01-14', 'activo');
INSERT INTO avancecurso (id_avance, id_inscripcion, modulo, porcentaje, fecha) VALUES (328, 114, 'Módulo 6', 50, '2025-04-24');
INSERT INTO avancecurso (id_avance, id_inscripcion, modulo, porcentaje, fecha) VALUES (329, 114, 'Módulo 1', 46, '2025-03-30');
INSERT INTO avancecurso (id_avance, id_inscripcion, modulo, porcentaje, fecha) VALUES (330, 114, 'Módulo 1', 23, '2025-02-20');
INSERT INTO avancecurso (id_avance, id_inscripcion, modulo, porcentaje, fecha) VALUES (331, 114, 'Módulo 1', 45, '2025-05-22');
INSERT INTO evaluacion (id_evaluacion, id_curso, titulo, fecha) VALUES (114, 4, 'Evaluación final curso 4', '2025-01-24');
INSERT INTO resultadoevaluacion (id_resultado, id_evaluacion, id_usuario, puntaje) VALUES (114, 4, 120, 83.26);
INSERT INTO inscripcion (id_inscripcion, id_usuario, id_curso, fecha_inscripcion, estado) VALUES (115, 121, 4, '2025-06-16', 'activo');
INSERT INTO avancecurso (id_avance, id_inscripcion, modulo, porcentaje, fecha) VALUES (332, 115, 'Módulo 4', 34, '2025-03-20');
INSERT INTO avancecurso (id_avance, id_inscripcion, modulo, porcentaje, fecha) VALUES (333, 115, 'Módulo 3', 62, '2025-04-03');
INSERT INTO avancecurso (id_avance, id_inscripcion, modulo, porcentaje, fecha) VALUES (334, 115, 'Módulo 2', 91, '2025-05-24');
INSERT INTO evaluacion (id_evaluacion, id_curso, titulo, fecha) VALUES (115, 4, 'Evaluación final curso 4', '2025-05-08');
INSERT INTO resultadoevaluacion (id_resultado, id_evaluacion, id_usuario, puntaje) VALUES (115, 4, 121, 61.27);
INSERT INTO inscripcion (id_inscripcion, id_usuario, id_curso, fecha_inscripcion, estado) VALUES (116, 122, 4, '2025-06-18', 'activo');
INSERT INTO avancecurso (id_avance, id_inscripcion, modulo, porcentaje, fecha) VALUES (335, 116, 'Módulo 6', 90, '2025-04-15');
INSERT INTO avancecurso (id_avance, id_inscripcion, modulo, porcentaje, fecha) VALUES (336, 116, 'Módulo 1', 66, '2025-04-17');
INSERT INTO avancecurso (id_avance, id_inscripcion, modulo, porcentaje, fecha) VALUES (337, 116, 'Módulo 3', 94, '2025-05-31');
INSERT INTO evaluacion (id_evaluacion, id_curso, titulo, fecha) VALUES (116, 4, 'Evaluación final curso 4', '2025-06-25');
INSERT INTO resultadoevaluacion (id_resultado, id_evaluacion, id_usuario, puntaje) VALUES (116, 4, 122, 84.63);
INSERT INTO inscripcion (id_inscripcion, id_usuario, id_curso, fecha_inscripcion, estado) VALUES (117, 123, 4, '2025-07-02', 'activo');
INSERT INTO avancecurso (id_avance, id_inscripcion, modulo, porcentaje, fecha) VALUES (338, 117, 'Módulo 6', 61, '2025-02-20');
INSERT INTO avancecurso (id_avance, id_inscripcion, modulo, porcentaje, fecha) VALUES (339, 117, 'Módulo 3', 63, '2025-01-28');
INSERT INTO avancecurso (id_avance, id_inscripcion, modulo, porcentaje, fecha) VALUES (340, 117, 'Módulo 5', 83, '2025-01-01');
INSERT INTO avancecurso (id_avance, id_inscripcion, modulo, porcentaje, fecha) VALUES (341, 117, 'Módulo 3', 29, '2025-02-10');
INSERT INTO evaluacion (id_evaluacion, id_curso, titulo, fecha) VALUES (117, 4, 'Evaluación final curso 4', '2025-01-21');
INSERT INTO resultadoevaluacion (id_resultado, id_evaluacion, id_usuario, puntaje) VALUES (117, 4, 123, 84.36);
INSERT INTO inscripcion (id_inscripcion, id_usuario, id_curso, fecha_inscripcion, estado) VALUES (118, 124, 4, '2025-05-25', 'activo');
INSERT INTO avancecurso (id_avance, id_inscripcion, modulo, porcentaje, fecha) VALUES (342, 118, 'Módulo 6', 23, '2025-03-19');
INSERT INTO avancecurso (id_avance, id_inscripcion, modulo, porcentaje, fecha) VALUES (343, 118, 'Módulo 1', 55, '2025-07-03');
INSERT INTO evaluacion (id_evaluacion, id_curso, titulo, fecha) VALUES (118, 4, 'Evaluación final curso 4', '2025-05-15');
INSERT INTO resultadoevaluacion (id_resultado, id_evaluacion, id_usuario, puntaje) VALUES (118, 4, 124, 47.89);
INSERT INTO inscripcion (id_inscripcion, id_usuario, id_curso, fecha_inscripcion, estado) VALUES (119, 125, 4, '2025-06-09', 'activo');
INSERT INTO avancecurso (id_avance, id_inscripcion, modulo, porcentaje, fecha) VALUES (344, 119, 'Módulo 2', 17, '2025-07-07');
INSERT INTO avancecurso (id_avance, id_inscripcion, modulo, porcentaje, fecha) VALUES (345, 119, 'Módulo 3', 54, '2025-03-01');
INSERT INTO evaluacion (id_evaluacion, id_curso, titulo, fecha) VALUES (119, 4, 'Evaluación final curso 4', '2025-04-30');
INSERT INTO resultadoevaluacion (id_resultado, id_evaluacion, id_usuario, puntaje) VALUES (119, 4, 125, 42.58);
INSERT INTO inscripcion (id_inscripcion, id_usuario, id_curso, fecha_inscripcion, estado) VALUES (120, 126, 4, '2025-06-07', 'activo');
INSERT INTO avancecurso (id_avance, id_inscripcion, modulo, porcentaje, fecha) VALUES (346, 120, 'Módulo 5', 27, '2025-05-30');
INSERT INTO avancecurso (id_avance, id_inscripcion, modulo, porcentaje, fecha) VALUES (347, 120, 'Módulo 2', 61, '2025-06-09');
INSERT INTO avancecurso (id_avance, id_inscripcion, modulo, porcentaje, fecha) VALUES (348, 120, 'Módulo 2', 80, '2025-02-25');
INSERT INTO evaluacion (id_evaluacion, id_curso, titulo, fecha) VALUES (120, 4, 'Evaluación final curso 4', '2025-05-19');
INSERT INTO resultadoevaluacion (id_resultado, id_evaluacion, id_usuario, puntaje) VALUES (120, 4, 126, 56.33);
INSERT INTO inscripcion (id_inscripcion, id_usuario, id_curso, fecha_inscripcion, estado) VALUES (121, 127, 4, '2025-06-06', 'activo');
INSERT INTO avancecurso (id_avance, id_inscripcion, modulo, porcentaje, fecha) VALUES (349, 121, 'Módulo 6', 81, '2025-06-13');
INSERT INTO avancecurso (id_avance, id_inscripcion, modulo, porcentaje, fecha) VALUES (350, 121, 'Módulo 6', 41, '2025-01-28');
INSERT INTO evaluacion (id_evaluacion, id_curso, titulo, fecha) VALUES (121, 4, 'Evaluación final curso 4', '2025-04-04');
INSERT INTO resultadoevaluacion (id_resultado, id_evaluacion, id_usuario, puntaje) VALUES (121, 4, 127, 69.26);
INSERT INTO inscripcion (id_inscripcion, id_usuario, id_curso, fecha_inscripcion, estado) VALUES (122, 128, 4, '2025-01-25', 'activo');
INSERT INTO avancecurso (id_avance, id_inscripcion, modulo, porcentaje, fecha) VALUES (351, 122, 'Módulo 5', 91, '2025-03-14');
INSERT INTO avancecurso (id_avance, id_inscripcion, modulo, porcentaje, fecha) VALUES (352, 122, 'Módulo 2', 21, '2025-02-14');
INSERT INTO evaluacion (id_evaluacion, id_curso, titulo, fecha) VALUES (122, 4, 'Evaluación final curso 4', '2025-02-12');
INSERT INTO resultadoevaluacion (id_resultado, id_evaluacion, id_usuario, puntaje) VALUES (122, 4, 128, 49.49);
INSERT INTO inscripcion (id_inscripcion, id_usuario, id_curso, fecha_inscripcion, estado) VALUES (123, 129, 4, '2025-04-03', 'activo');
INSERT INTO avancecurso (id_avance, id_inscripcion, modulo, porcentaje, fecha) VALUES (353, 123, 'Módulo 1', 93, '2025-06-18');
INSERT INTO avancecurso (id_avance, id_inscripcion, modulo, porcentaje, fecha) VALUES (354, 123, 'Módulo 4', 75, '2025-02-07');
INSERT INTO avancecurso (id_avance, id_inscripcion, modulo, porcentaje, fecha) VALUES (355, 123, 'Módulo 5', 25, '2025-06-27');
INSERT INTO avancecurso (id_avance, id_inscripcion, modulo, porcentaje, fecha) VALUES (356, 123, 'Módulo 6', 43, '2025-01-29');
INSERT INTO evaluacion (id_evaluacion, id_curso, titulo, fecha) VALUES (123, 4, 'Evaluación final curso 4', '2025-04-24');
INSERT INTO resultadoevaluacion (id_resultado, id_evaluacion, id_usuario, puntaje) VALUES (123, 4, 129, 59.50);
INSERT INTO inscripcion (id_inscripcion, id_usuario, id_curso, fecha_inscripcion, estado) VALUES (124, 130, 4, '2025-03-18', 'activo');
INSERT INTO avancecurso (id_avance, id_inscripcion, modulo, porcentaje, fecha) VALUES (357, 124, 'Módulo 5', 81, '2025-06-13');
INSERT INTO avancecurso (id_avance, id_inscripcion, modulo, porcentaje, fecha) VALUES (358, 124, 'Módulo 4', 11, '2025-06-05');
INSERT INTO avancecurso (id_avance, id_inscripcion, modulo, porcentaje, fecha) VALUES (359, 124, 'Módulo 5', 93, '2025-03-10');
INSERT INTO evaluacion (id_evaluacion, id_curso, titulo, fecha) VALUES (124, 4, 'Evaluación final curso 4', '2025-06-04');
INSERT INTO resultadoevaluacion (id_resultado, id_evaluacion, id_usuario, puntaje) VALUES (124, 4, 130, 40.87);
INSERT INTO inscripcion (id_inscripcion, id_usuario, id_curso, fecha_inscripcion, estado) VALUES (125, 131, 4, '2025-02-16', 'activo');
INSERT INTO avancecurso (id_avance, id_inscripcion, modulo, porcentaje, fecha) VALUES (360, 125, 'Módulo 4', 60, '2025-03-15');
INSERT INTO avancecurso (id_avance, id_inscripcion, modulo, porcentaje, fecha) VALUES (361, 125, 'Módulo 3', 65, '2025-06-30');
INSERT INTO avancecurso (id_avance, id_inscripcion, modulo, porcentaje, fecha) VALUES (362, 125, 'Módulo 2', 76, '2025-01-06');
INSERT INTO avancecurso (id_avance, id_inscripcion, modulo, porcentaje, fecha) VALUES (363, 125, 'Módulo 4', 64, '2025-06-28');
INSERT INTO evaluacion (id_evaluacion, id_curso, titulo, fecha) VALUES (125, 4, 'Evaluación final curso 4', '2025-04-12');
INSERT INTO resultadoevaluacion (id_resultado, id_evaluacion, id_usuario, puntaje) VALUES (125, 4, 131, 99.49);
INSERT INTO inscripcion (id_inscripcion, id_usuario, id_curso, fecha_inscripcion, estado) VALUES (126, 132, 4, '2025-06-11', 'activo');
INSERT INTO avancecurso (id_avance, id_inscripcion, modulo, porcentaje, fecha) VALUES (364, 126, 'Módulo 1', 58, '2025-05-12');
INSERT INTO avancecurso (id_avance, id_inscripcion, modulo, porcentaje, fecha) VALUES (365, 126, 'Módulo 3', 48, '2025-06-11');
INSERT INTO evaluacion (id_evaluacion, id_curso, titulo, fecha) VALUES (126, 4, 'Evaluación final curso 4', '2025-02-15');
INSERT INTO resultadoevaluacion (id_resultado, id_evaluacion, id_usuario, puntaje) VALUES (126, 4, 132, 66.28);
INSERT INTO inscripcion (id_inscripcion, id_usuario, id_curso, fecha_inscripcion, estado) VALUES (127, 133, 4, '2025-01-08', 'activo');
INSERT INTO avancecurso (id_avance, id_inscripcion, modulo, porcentaje, fecha) VALUES (366, 127, 'Módulo 3', 43, '2025-05-10');
INSERT INTO avancecurso (id_avance, id_inscripcion, modulo, porcentaje, fecha) VALUES (367, 127, 'Módulo 4', 42, '2025-04-03');
INSERT INTO avancecurso (id_avance, id_inscripcion, modulo, porcentaje, fecha) VALUES (368, 127, 'Módulo 3', 25, '2025-05-21');
INSERT INTO avancecurso (id_avance, id_inscripcion, modulo, porcentaje, fecha) VALUES (369, 127, 'Módulo 4', 80, '2025-02-01');
INSERT INTO evaluacion (id_evaluacion, id_curso, titulo, fecha) VALUES (127, 4, 'Evaluación final curso 4', '2025-05-11');
INSERT INTO resultadoevaluacion (id_resultado, id_evaluacion, id_usuario, puntaje) VALUES (127, 4, 133, 96.39);
INSERT INTO inscripcion (id_inscripcion, id_usuario, id_curso, fecha_inscripcion, estado) VALUES (128, 134, 4, '2025-01-24', 'activo');
INSERT INTO avancecurso (id_avance, id_inscripcion, modulo, porcentaje, fecha) VALUES (370, 128, 'Módulo 2', 39, '2025-01-01');
INSERT INTO avancecurso (id_avance, id_inscripcion, modulo, porcentaje, fecha) VALUES (371, 128, 'Módulo 1', 61, '2025-02-18');
INSERT INTO evaluacion (id_evaluacion, id_curso, titulo, fecha) VALUES (128, 4, 'Evaluación final curso 4', '2025-01-12');
INSERT INTO resultadoevaluacion (id_resultado, id_evaluacion, id_usuario, puntaje) VALUES (128, 4, 134, 93.10);
INSERT INTO inscripcion (id_inscripcion, id_usuario, id_curso, fecha_inscripcion, estado) VALUES (129, 135, 4, '2025-06-24', 'activo');
INSERT INTO avancecurso (id_avance, id_inscripcion, modulo, porcentaje, fecha) VALUES (372, 129, 'Módulo 1', 78, '2025-03-29');
INSERT INTO avancecurso (id_avance, id_inscripcion, modulo, porcentaje, fecha) VALUES (373, 129, 'Módulo 3', 73, '2025-06-13');
INSERT INTO avancecurso (id_avance, id_inscripcion, modulo, porcentaje, fecha) VALUES (374, 129, 'Módulo 6', 72, '2025-05-27');
INSERT INTO avancecurso (id_avance, id_inscripcion, modulo, porcentaje, fecha) VALUES (375, 129, 'Módulo 2', 94, '2025-04-15');
INSERT INTO evaluacion (id_evaluacion, id_curso, titulo, fecha) VALUES (129, 4, 'Evaluación final curso 4', '2025-02-05');
INSERT INTO resultadoevaluacion (id_resultado, id_evaluacion, id_usuario, puntaje) VALUES (129, 4, 135, 87.92);
INSERT INTO inscripcion (id_inscripcion, id_usuario, id_curso, fecha_inscripcion, estado) VALUES (130, 136, 4, '2025-02-20', 'activo');
INSERT INTO avancecurso (id_avance, id_inscripcion, modulo, porcentaje, fecha) VALUES (376, 130, 'Módulo 4', 62, '2025-05-12');
INSERT INTO avancecurso (id_avance, id_inscripcion, modulo, porcentaje, fecha) VALUES (377, 130, 'Módulo 5', 67, '2025-01-15');
INSERT INTO avancecurso (id_avance, id_inscripcion, modulo, porcentaje, fecha) VALUES (378, 130, 'Módulo 6', 99, '2025-05-05');
INSERT INTO avancecurso (id_avance, id_inscripcion, modulo, porcentaje, fecha) VALUES (379, 130, 'Módulo 6', 30, '2025-03-14');
INSERT INTO evaluacion (id_evaluacion, id_curso, titulo, fecha) VALUES (130, 4, 'Evaluación final curso 4', '2025-06-30');
INSERT INTO resultadoevaluacion (id_resultado, id_evaluacion, id_usuario, puntaje) VALUES (130, 4, 136, 66.98);
INSERT INTO inscripcion (id_inscripcion, id_usuario, id_curso, fecha_inscripcion, estado) VALUES (131, 137, 4, '2025-01-01', 'activo');
INSERT INTO avancecurso (id_avance, id_inscripcion, modulo, porcentaje, fecha) VALUES (380, 131, 'Módulo 3', 61, '2025-01-10');
INSERT INTO avancecurso (id_avance, id_inscripcion, modulo, porcentaje, fecha) VALUES (381, 131, 'Módulo 3', 39, '2025-03-28');
INSERT INTO avancecurso (id_avance, id_inscripcion, modulo, porcentaje, fecha) VALUES (382, 131, 'Módulo 5', 58, '2025-05-27');
INSERT INTO avancecurso (id_avance, id_inscripcion, modulo, porcentaje, fecha) VALUES (383, 131, 'Módulo 5', 97, '2025-01-19');
INSERT INTO evaluacion (id_evaluacion, id_curso, titulo, fecha) VALUES (131, 4, 'Evaluación final curso 4', '2025-05-19');
INSERT INTO resultadoevaluacion (id_resultado, id_evaluacion, id_usuario, puntaje) VALUES (131, 4, 137, 91.62);
INSERT INTO inscripcion (id_inscripcion, id_usuario, id_curso, fecha_inscripcion, estado) VALUES (132, 138, 4, '2025-02-28', 'activo');
INSERT INTO avancecurso (id_avance, id_inscripcion, modulo, porcentaje, fecha) VALUES (384, 132, 'Módulo 4', 41, '2025-01-11');
INSERT INTO avancecurso (id_avance, id_inscripcion, modulo, porcentaje, fecha) VALUES (385, 132, 'Módulo 6', 91, '2025-05-25');
INSERT INTO avancecurso (id_avance, id_inscripcion, modulo, porcentaje, fecha) VALUES (386, 132, 'Módulo 5', 33, '2025-06-09');
INSERT INTO evaluacion (id_evaluacion, id_curso, titulo, fecha) VALUES (132, 4, 'Evaluación final curso 4', '2025-02-20');
INSERT INTO resultadoevaluacion (id_resultado, id_evaluacion, id_usuario, puntaje) VALUES (132, 4, 138, 47.78);
INSERT INTO inscripcion (id_inscripcion, id_usuario, id_curso, fecha_inscripcion, estado) VALUES (133, 139, 4, '2025-03-16', 'activo');
INSERT INTO avancecurso (id_avance, id_inscripcion, modulo, porcentaje, fecha) VALUES (387, 133, 'Módulo 6', 100, '2025-03-27');
INSERT INTO avancecurso (id_avance, id_inscripcion, modulo, porcentaje, fecha) VALUES (388, 133, 'Módulo 6', 74, '2025-03-31');
INSERT INTO evaluacion (id_evaluacion, id_curso, titulo, fecha) VALUES (133, 4, 'Evaluación final curso 4', '2025-06-21');
INSERT INTO resultadoevaluacion (id_resultado, id_evaluacion, id_usuario, puntaje) VALUES (133, 4, 139, 79.82);
INSERT INTO inscripcion (id_inscripcion, id_usuario, id_curso, fecha_inscripcion, estado) VALUES (134, 140, 4, '2025-04-20', 'activo');
INSERT INTO avancecurso (id_avance, id_inscripcion, modulo, porcentaje, fecha) VALUES (389, 134, 'Módulo 5', 94, '2025-02-04');
INSERT INTO avancecurso (id_avance, id_inscripcion, modulo, porcentaje, fecha) VALUES (390, 134, 'Módulo 6', 73, '2025-02-24');
INSERT INTO avancecurso (id_avance, id_inscripcion, modulo, porcentaje, fecha) VALUES (391, 134, 'Módulo 5', 79, '2025-03-15');
INSERT INTO evaluacion (id_evaluacion, id_curso, titulo, fecha) VALUES (134, 4, 'Evaluación final curso 4', '2025-02-05');
INSERT INTO resultadoevaluacion (id_resultado, id_evaluacion, id_usuario, puntaje) VALUES (134, 4, 140, 45.33);
INSERT INTO inscripcion (id_inscripcion, id_usuario, id_curso, fecha_inscripcion, estado) VALUES (135, 141, 4, '2025-06-30', 'activo');
INSERT INTO avancecurso (id_avance, id_inscripcion, modulo, porcentaje, fecha) VALUES (392, 135, 'Módulo 4', 53, '2025-02-12');
INSERT INTO avancecurso (id_avance, id_inscripcion, modulo, porcentaje, fecha) VALUES (393, 135, 'Módulo 6', 41, '2025-01-11');
INSERT INTO avancecurso (id_avance, id_inscripcion, modulo, porcentaje, fecha) VALUES (394, 135, 'Módulo 1', 96, '2025-07-03');
INSERT INTO evaluacion (id_evaluacion, id_curso, titulo, fecha) VALUES (135, 4, 'Evaluación final curso 4', '2025-06-15');
INSERT INTO resultadoevaluacion (id_resultado, id_evaluacion, id_usuario, puntaje) VALUES (135, 4, 141, 95.85);
INSERT INTO inscripcion (id_inscripcion, id_usuario, id_curso, fecha_inscripcion, estado) VALUES (136, 142, 4, '2025-06-17', 'activo');
INSERT INTO avancecurso (id_avance, id_inscripcion, modulo, porcentaje, fecha) VALUES (395, 136, 'Módulo 5', 98, '2025-02-19');
INSERT INTO avancecurso (id_avance, id_inscripcion, modulo, porcentaje, fecha) VALUES (396, 136, 'Módulo 2', 41, '2025-01-07');
INSERT INTO avancecurso (id_avance, id_inscripcion, modulo, porcentaje, fecha) VALUES (397, 136, 'Módulo 6', 35, '2025-05-02');
INSERT INTO avancecurso (id_avance, id_inscripcion, modulo, porcentaje, fecha) VALUES (398, 136, 'Módulo 2', 37, '2025-04-04');
INSERT INTO evaluacion (id_evaluacion, id_curso, titulo, fecha) VALUES (136, 4, 'Evaluación final curso 4', '2025-06-02');
INSERT INTO resultadoevaluacion (id_resultado, id_evaluacion, id_usuario, puntaje) VALUES (136, 4, 142, 93.37);
INSERT INTO inscripcion (id_inscripcion, id_usuario, id_curso, fecha_inscripcion, estado) VALUES (137, 143, 4, '2025-07-11', 'activo');
INSERT INTO avancecurso (id_avance, id_inscripcion, modulo, porcentaje, fecha) VALUES (399, 137, 'Módulo 2', 89, '2025-01-26');
INSERT INTO avancecurso (id_avance, id_inscripcion, modulo, porcentaje, fecha) VALUES (400, 137, 'Módulo 5', 93, '2025-03-17');
INSERT INTO avancecurso (id_avance, id_inscripcion, modulo, porcentaje, fecha) VALUES (401, 137, 'Módulo 6', 82, '2025-01-18');
INSERT INTO evaluacion (id_evaluacion, id_curso, titulo, fecha) VALUES (137, 4, 'Evaluación final curso 4', '2025-04-10');
INSERT INTO resultadoevaluacion (id_resultado, id_evaluacion, id_usuario, puntaje) VALUES (137, 4, 143, 47.43);
INSERT INTO inscripcion (id_inscripcion, id_usuario, id_curso, fecha_inscripcion, estado) VALUES (138, 144, 4, '2025-04-26', 'activo');
INSERT INTO avancecurso (id_avance, id_inscripcion, modulo, porcentaje, fecha) VALUES (402, 138, 'Módulo 4', 18, '2025-06-22');
INSERT INTO avancecurso (id_avance, id_inscripcion, modulo, porcentaje, fecha) VALUES (403, 138, 'Módulo 3', 88, '2025-01-07');
INSERT INTO evaluacion (id_evaluacion, id_curso, titulo, fecha) VALUES (138, 4, 'Evaluación final curso 4', '2025-02-16');
INSERT INTO resultadoevaluacion (id_resultado, id_evaluacion, id_usuario, puntaje) VALUES (138, 4, 144, 45.17);
INSERT INTO inscripcion (id_inscripcion, id_usuario, id_curso, fecha_inscripcion, estado) VALUES (139, 145, 4, '2025-01-05', 'activo');
INSERT INTO avancecurso (id_avance, id_inscripcion, modulo, porcentaje, fecha) VALUES (404, 139, 'Módulo 6', 85, '2025-05-13');
INSERT INTO avancecurso (id_avance, id_inscripcion, modulo, porcentaje, fecha) VALUES (405, 139, 'Módulo 1', 17, '2025-06-27');
INSERT INTO avancecurso (id_avance, id_inscripcion, modulo, porcentaje, fecha) VALUES (406, 139, 'Módulo 3', 40, '2025-03-10');
INSERT INTO avancecurso (id_avance, id_inscripcion, modulo, porcentaje, fecha) VALUES (407, 139, 'Módulo 2', 28, '2025-01-16');
INSERT INTO evaluacion (id_evaluacion, id_curso, titulo, fecha) VALUES (139, 4, 'Evaluación final curso 4', '2025-05-26');
INSERT INTO resultadoevaluacion (id_resultado, id_evaluacion, id_usuario, puntaje) VALUES (139, 4, 145, 79.74);
INSERT INTO inscripcion (id_inscripcion, id_usuario, id_curso, fecha_inscripcion, estado) VALUES (140, 146, 4, '2025-02-08', 'activo');
INSERT INTO avancecurso (id_avance, id_inscripcion, modulo, porcentaje, fecha) VALUES (408, 140, 'Módulo 5', 61, '2025-03-30');
INSERT INTO avancecurso (id_avance, id_inscripcion, modulo, porcentaje, fecha) VALUES (409, 140, 'Módulo 2', 72, '2025-01-15');
INSERT INTO avancecurso (id_avance, id_inscripcion, modulo, porcentaje, fecha) VALUES (410, 140, 'Módulo 1', 10, '2025-06-15');
INSERT INTO avancecurso (id_avance, id_inscripcion, modulo, porcentaje, fecha) VALUES (411, 140, 'Módulo 1', 51, '2025-05-27');
INSERT INTO evaluacion (id_evaluacion, id_curso, titulo, fecha) VALUES (140, 4, 'Evaluación final curso 4', '2025-03-22');
INSERT INTO resultadoevaluacion (id_resultado, id_evaluacion, id_usuario, puntaje) VALUES (140, 4, 146, 85.54);
INSERT INTO inscripcion (id_inscripcion, id_usuario, id_curso, fecha_inscripcion, estado) VALUES (141, 147, 4, '2025-03-15', 'activo');
INSERT INTO avancecurso (id_avance, id_inscripcion, modulo, porcentaje, fecha) VALUES (412, 141, 'Módulo 5', 86, '2025-02-16');
INSERT INTO avancecurso (id_avance, id_inscripcion, modulo, porcentaje, fecha) VALUES (413, 141, 'Módulo 1', 79, '2025-01-27');
INSERT INTO avancecurso (id_avance, id_inscripcion, modulo, porcentaje, fecha) VALUES (414, 141, 'Módulo 2', 19, '2025-01-05');
INSERT INTO evaluacion (id_evaluacion, id_curso, titulo, fecha) VALUES (141, 4, 'Evaluación final curso 4', '2025-02-16');
INSERT INTO resultadoevaluacion (id_resultado, id_evaluacion, id_usuario, puntaje) VALUES (141, 4, 147, 47.63);
INSERT INTO inscripcion (id_inscripcion, id_usuario, id_curso, fecha_inscripcion, estado) VALUES (142, 148, 4, '2025-05-06', 'activo');
INSERT INTO avancecurso (id_avance, id_inscripcion, modulo, porcentaje, fecha) VALUES (415, 142, 'Módulo 2', 32, '2025-03-22');
INSERT INTO avancecurso (id_avance, id_inscripcion, modulo, porcentaje, fecha) VALUES (416, 142, 'Módulo 5', 74, '2025-01-04');
INSERT INTO avancecurso (id_avance, id_inscripcion, modulo, porcentaje, fecha) VALUES (417, 142, 'Módulo 3', 95, '2025-05-10');
INSERT INTO avancecurso (id_avance, id_inscripcion, modulo, porcentaje, fecha) VALUES (418, 142, 'Módulo 5', 89, '2025-01-21');
INSERT INTO evaluacion (id_evaluacion, id_curso, titulo, fecha) VALUES (142, 4, 'Evaluación final curso 4', '2025-02-09');
INSERT INTO resultadoevaluacion (id_resultado, id_evaluacion, id_usuario, puntaje) VALUES (142, 4, 148, 87.85);
INSERT INTO inscripcion (id_inscripcion, id_usuario, id_curso, fecha_inscripcion, estado) VALUES (143, 149, 4, '2025-04-02', 'activo');
INSERT INTO avancecurso (id_avance, id_inscripcion, modulo, porcentaje, fecha) VALUES (419, 143, 'Módulo 2', 12, '2025-03-07');
INSERT INTO avancecurso (id_avance, id_inscripcion, modulo, porcentaje, fecha) VALUES (420, 143, 'Módulo 3', 80, '2025-03-29');
INSERT INTO avancecurso (id_avance, id_inscripcion, modulo, porcentaje, fecha) VALUES (421, 143, 'Módulo 5', 16, '2025-02-22');
INSERT INTO avancecurso (id_avance, id_inscripcion, modulo, porcentaje, fecha) VALUES (422, 143, 'Módulo 2', 30, '2025-04-11');
INSERT INTO evaluacion (id_evaluacion, id_curso, titulo, fecha) VALUES (143, 4, 'Evaluación final curso 4', '2025-06-25');
INSERT INTO resultadoevaluacion (id_resultado, id_evaluacion, id_usuario, puntaje) VALUES (143, 4, 149, 64.74);
INSERT INTO inscripcion (id_inscripcion, id_usuario, id_curso, fecha_inscripcion, estado) VALUES (144, 150, 4, '2025-03-08', 'activo');
INSERT INTO avancecurso (id_avance, id_inscripcion, modulo, porcentaje, fecha) VALUES (423, 144, 'Módulo 4', 61, '2025-04-10');
INSERT INTO avancecurso (id_avance, id_inscripcion, modulo, porcentaje, fecha) VALUES (424, 144, 'Módulo 6', 31, '2025-02-10');
INSERT INTO avancecurso (id_avance, id_inscripcion, modulo, porcentaje, fecha) VALUES (425, 144, 'Módulo 6', 55, '2025-02-16');
INSERT INTO avancecurso (id_avance, id_inscripcion, modulo, porcentaje, fecha) VALUES (426, 144, 'Módulo 2', 84, '2025-05-02');
INSERT INTO evaluacion (id_evaluacion, id_curso, titulo, fecha) VALUES (144, 4, 'Evaluación final curso 4', '2025-04-28');
INSERT INTO resultadoevaluacion (id_resultado, id_evaluacion, id_usuario, puntaje) VALUES (144, 4, 150, 48.84);
INSERT INTO inscripcion (id_inscripcion, id_usuario, id_curso, fecha_inscripcion, estado) VALUES (145, 151, 4, '2025-05-24', 'activo');
INSERT INTO avancecurso (id_avance, id_inscripcion, modulo, porcentaje, fecha) VALUES (427, 145, 'Módulo 6', 58, '2025-07-08');
INSERT INTO avancecurso (id_avance, id_inscripcion, modulo, porcentaje, fecha) VALUES (428, 145, 'Módulo 1', 78, '2025-02-22');
INSERT INTO evaluacion (id_evaluacion, id_curso, titulo, fecha) VALUES (145, 4, 'Evaluación final curso 4', '2025-04-29');
INSERT INTO resultadoevaluacion (id_resultado, id_evaluacion, id_usuario, puntaje) VALUES (145, 4, 151, 87.63);
INSERT INTO inscripcion (id_inscripcion, id_usuario, id_curso, fecha_inscripcion, estado) VALUES (146, 152, 4, '2025-04-22', 'activo');
INSERT INTO avancecurso (id_avance, id_inscripcion, modulo, porcentaje, fecha) VALUES (429, 146, 'Módulo 3', 16, '2025-02-04');
INSERT INTO avancecurso (id_avance, id_inscripcion, modulo, porcentaje, fecha) VALUES (430, 146, 'Módulo 4', 78, '2025-06-01');
INSERT INTO avancecurso (id_avance, id_inscripcion, modulo, porcentaje, fecha) VALUES (431, 146, 'Módulo 1', 67, '2025-02-05');
INSERT INTO evaluacion (id_evaluacion, id_curso, titulo, fecha) VALUES (146, 4, 'Evaluación final curso 4', '2025-06-17');
INSERT INTO resultadoevaluacion (id_resultado, id_evaluacion, id_usuario, puntaje) VALUES (146, 4, 152, 99.28);
INSERT INTO inscripcion (id_inscripcion, id_usuario, id_curso, fecha_inscripcion, estado) VALUES (147, 153, 5, '2025-03-08', 'activo');
INSERT INTO avancecurso (id_avance, id_inscripcion, modulo, porcentaje, fecha) VALUES (432, 147, 'Módulo 3', 100, '2025-05-31');
INSERT INTO avancecurso (id_avance, id_inscripcion, modulo, porcentaje, fecha) VALUES (433, 147, 'Módulo 2', 75, '2025-03-10');
INSERT INTO avancecurso (id_avance, id_inscripcion, modulo, porcentaje, fecha) VALUES (434, 147, 'Módulo 6', 11, '2025-02-27');
INSERT INTO avancecurso (id_avance, id_inscripcion, modulo, porcentaje, fecha) VALUES (435, 147, 'Módulo 4', 29, '2025-03-07');
INSERT INTO evaluacion (id_evaluacion, id_curso, titulo, fecha) VALUES (147, 5, 'Evaluación final curso 5', '2025-03-10');
INSERT INTO resultadoevaluacion (id_resultado, id_evaluacion, id_usuario, puntaje) VALUES (147, 5, 153, 91.45);
INSERT INTO inscripcion (id_inscripcion, id_usuario, id_curso, fecha_inscripcion, estado) VALUES (148, 154, 5, '2025-04-05', 'activo');
INSERT INTO avancecurso (id_avance, id_inscripcion, modulo, porcentaje, fecha) VALUES (436, 148, 'Módulo 5', 76, '2025-01-13');
INSERT INTO avancecurso (id_avance, id_inscripcion, modulo, porcentaje, fecha) VALUES (437, 148, 'Módulo 2', 88, '2025-04-27');
INSERT INTO evaluacion (id_evaluacion, id_curso, titulo, fecha) VALUES (148, 5, 'Evaluación final curso 5', '2025-05-29');
INSERT INTO resultadoevaluacion (id_resultado, id_evaluacion, id_usuario, puntaje) VALUES (148, 5, 154, 90.98);
INSERT INTO inscripcion (id_inscripcion, id_usuario, id_curso, fecha_inscripcion, estado) VALUES (149, 155, 5, '2025-03-27', 'activo');
INSERT INTO avancecurso (id_avance, id_inscripcion, modulo, porcentaje, fecha) VALUES (438, 149, 'Módulo 3', 40, '2025-06-21');
INSERT INTO avancecurso (id_avance, id_inscripcion, modulo, porcentaje, fecha) VALUES (439, 149, 'Módulo 2', 53, '2025-06-13');
INSERT INTO evaluacion (id_evaluacion, id_curso, titulo, fecha) VALUES (149, 5, 'Evaluación final curso 5', '2025-04-09');
INSERT INTO resultadoevaluacion (id_resultado, id_evaluacion, id_usuario, puntaje) VALUES (149, 5, 155, 95.13);
INSERT INTO inscripcion (id_inscripcion, id_usuario, id_curso, fecha_inscripcion, estado) VALUES (150, 156, 5, '2025-02-04', 'activo');
INSERT INTO avancecurso (id_avance, id_inscripcion, modulo, porcentaje, fecha) VALUES (440, 150, 'Módulo 6', 19, '2025-01-19');
INSERT INTO avancecurso (id_avance, id_inscripcion, modulo, porcentaje, fecha) VALUES (441, 150, 'Módulo 4', 58, '2025-05-07');
INSERT INTO avancecurso (id_avance, id_inscripcion, modulo, porcentaje, fecha) VALUES (442, 150, 'Módulo 6', 69, '2025-03-28');
INSERT INTO avancecurso (id_avance, id_inscripcion, modulo, porcentaje, fecha) VALUES (443, 150, 'Módulo 5', 82, '2025-04-05');
INSERT INTO evaluacion (id_evaluacion, id_curso, titulo, fecha) VALUES (150, 5, 'Evaluación final curso 5', '2025-02-11');
INSERT INTO resultadoevaluacion (id_resultado, id_evaluacion, id_usuario, puntaje) VALUES (150, 5, 156, 60.30);
INSERT INTO inscripcion (id_inscripcion, id_usuario, id_curso, fecha_inscripcion, estado) VALUES (151, 157, 5, '2025-06-06', 'activo');
INSERT INTO avancecurso (id_avance, id_inscripcion, modulo, porcentaje, fecha) VALUES (444, 151, 'Módulo 5', 84, '2025-04-30');
INSERT INTO avancecurso (id_avance, id_inscripcion, modulo, porcentaje, fecha) VALUES (445, 151, 'Módulo 3', 60, '2025-01-18');
INSERT INTO evaluacion (id_evaluacion, id_curso, titulo, fecha) VALUES (151, 5, 'Evaluación final curso 5', '2025-01-30');
INSERT INTO resultadoevaluacion (id_resultado, id_evaluacion, id_usuario, puntaje) VALUES (151, 5, 157, 60.19);
INSERT INTO inscripcion (id_inscripcion, id_usuario, id_curso, fecha_inscripcion, estado) VALUES (152, 158, 5, '2025-06-17', 'activo');
INSERT INTO avancecurso (id_avance, id_inscripcion, modulo, porcentaje, fecha) VALUES (446, 152, 'Módulo 6', 21, '2025-07-04');
INSERT INTO avancecurso (id_avance, id_inscripcion, modulo, porcentaje, fecha) VALUES (447, 152, 'Módulo 1', 95, '2025-06-14');
INSERT INTO avancecurso (id_avance, id_inscripcion, modulo, porcentaje, fecha) VALUES (448, 152, 'Módulo 6', 92, '2025-04-06');
INSERT INTO avancecurso (id_avance, id_inscripcion, modulo, porcentaje, fecha) VALUES (449, 152, 'Módulo 1', 39, '2025-06-14');
INSERT INTO evaluacion (id_evaluacion, id_curso, titulo, fecha) VALUES (152, 5, 'Evaluación final curso 5', '2025-03-27');
INSERT INTO resultadoevaluacion (id_resultado, id_evaluacion, id_usuario, puntaje) VALUES (152, 5, 158, 95.01);
INSERT INTO inscripcion (id_inscripcion, id_usuario, id_curso, fecha_inscripcion, estado) VALUES (153, 159, 5, '2025-01-07', 'activo');
INSERT INTO avancecurso (id_avance, id_inscripcion, modulo, porcentaje, fecha) VALUES (450, 153, 'Módulo 2', 71, '2025-02-21');
INSERT INTO avancecurso (id_avance, id_inscripcion, modulo, porcentaje, fecha) VALUES (451, 153, 'Módulo 1', 36, '2025-02-20');
INSERT INTO avancecurso (id_avance, id_inscripcion, modulo, porcentaje, fecha) VALUES (452, 153, 'Módulo 6', 51, '2025-06-01');
INSERT INTO avancecurso (id_avance, id_inscripcion, modulo, porcentaje, fecha) VALUES (453, 153, 'Módulo 1', 69, '2025-01-10');
INSERT INTO evaluacion (id_evaluacion, id_curso, titulo, fecha) VALUES (153, 5, 'Evaluación final curso 5', '2025-05-02');
INSERT INTO resultadoevaluacion (id_resultado, id_evaluacion, id_usuario, puntaje) VALUES (153, 5, 159, 99.36);
INSERT INTO inscripcion (id_inscripcion, id_usuario, id_curso, fecha_inscripcion, estado) VALUES (154, 160, 5, '2025-01-29', 'activo');
INSERT INTO avancecurso (id_avance, id_inscripcion, modulo, porcentaje, fecha) VALUES (454, 154, 'Módulo 1', 97, '2025-02-12');
INSERT INTO avancecurso (id_avance, id_inscripcion, modulo, porcentaje, fecha) VALUES (455, 154, 'Módulo 5', 68, '2025-04-09');
INSERT INTO evaluacion (id_evaluacion, id_curso, titulo, fecha) VALUES (154, 5, 'Evaluación final curso 5', '2025-03-03');
INSERT INTO resultadoevaluacion (id_resultado, id_evaluacion, id_usuario, puntaje) VALUES (154, 5, 160, 91.71);
INSERT INTO inscripcion (id_inscripcion, id_usuario, id_curso, fecha_inscripcion, estado) VALUES (155, 161, 5, '2025-03-25', 'activo');
INSERT INTO avancecurso (id_avance, id_inscripcion, modulo, porcentaje, fecha) VALUES (456, 155, 'Módulo 6', 97, '2025-01-05');
INSERT INTO avancecurso (id_avance, id_inscripcion, modulo, porcentaje, fecha) VALUES (457, 155, 'Módulo 1', 82, '2025-01-22');
INSERT INTO avancecurso (id_avance, id_inscripcion, modulo, porcentaje, fecha) VALUES (458, 155, 'Módulo 3', 21, '2025-01-07');
INSERT INTO evaluacion (id_evaluacion, id_curso, titulo, fecha) VALUES (155, 5, 'Evaluación final curso 5', '2025-07-11');
INSERT INTO resultadoevaluacion (id_resultado, id_evaluacion, id_usuario, puntaje) VALUES (155, 5, 161, 56.14);
INSERT INTO inscripcion (id_inscripcion, id_usuario, id_curso, fecha_inscripcion, estado) VALUES (156, 162, 5, '2025-07-09', 'activo');
INSERT INTO avancecurso (id_avance, id_inscripcion, modulo, porcentaje, fecha) VALUES (459, 156, 'Módulo 3', 47, '2025-03-24');
INSERT INTO avancecurso (id_avance, id_inscripcion, modulo, porcentaje, fecha) VALUES (460, 156, 'Módulo 3', 59, '2025-06-13');
INSERT INTO avancecurso (id_avance, id_inscripcion, modulo, porcentaje, fecha) VALUES (461, 156, 'Módulo 6', 28, '2025-03-03');
INSERT INTO avancecurso (id_avance, id_inscripcion, modulo, porcentaje, fecha) VALUES (462, 156, 'Módulo 4', 19, '2025-02-20');
INSERT INTO evaluacion (id_evaluacion, id_curso, titulo, fecha) VALUES (156, 5, 'Evaluación final curso 5', '2025-05-23');
INSERT INTO resultadoevaluacion (id_resultado, id_evaluacion, id_usuario, puntaje) VALUES (156, 5, 162, 75.45);
INSERT INTO inscripcion (id_inscripcion, id_usuario, id_curso, fecha_inscripcion, estado) VALUES (157, 163, 5, '2025-05-18', 'activo');
INSERT INTO avancecurso (id_avance, id_inscripcion, modulo, porcentaje, fecha) VALUES (463, 157, 'Módulo 2', 43, '2025-03-24');
INSERT INTO avancecurso (id_avance, id_inscripcion, modulo, porcentaje, fecha) VALUES (464, 157, 'Módulo 5', 62, '2025-04-04');
INSERT INTO evaluacion (id_evaluacion, id_curso, titulo, fecha) VALUES (157, 5, 'Evaluación final curso 5', '2025-02-28');
INSERT INTO resultadoevaluacion (id_resultado, id_evaluacion, id_usuario, puntaje) VALUES (157, 5, 163, 61.34);
INSERT INTO inscripcion (id_inscripcion, id_usuario, id_curso, fecha_inscripcion, estado) VALUES (158, 164, 5, '2025-05-11', 'activo');
INSERT INTO avancecurso (id_avance, id_inscripcion, modulo, porcentaje, fecha) VALUES (465, 158, 'Módulo 1', 55, '2025-03-23');
INSERT INTO avancecurso (id_avance, id_inscripcion, modulo, porcentaje, fecha) VALUES (466, 158, 'Módulo 5', 56, '2025-02-01');
INSERT INTO evaluacion (id_evaluacion, id_curso, titulo, fecha) VALUES (158, 5, 'Evaluación final curso 5', '2025-01-02');
INSERT INTO resultadoevaluacion (id_resultado, id_evaluacion, id_usuario, puntaje) VALUES (158, 5, 164, 76.99);
INSERT INTO inscripcion (id_inscripcion, id_usuario, id_curso, fecha_inscripcion, estado) VALUES (159, 165, 5, '2025-06-09', 'activo');
INSERT INTO avancecurso (id_avance, id_inscripcion, modulo, porcentaje, fecha) VALUES (467, 159, 'Módulo 6', 54, '2025-05-16');
INSERT INTO avancecurso (id_avance, id_inscripcion, modulo, porcentaje, fecha) VALUES (468, 159, 'Módulo 5', 27, '2025-02-01');
INSERT INTO avancecurso (id_avance, id_inscripcion, modulo, porcentaje, fecha) VALUES (469, 159, 'Módulo 5', 90, '2025-04-05');
INSERT INTO evaluacion (id_evaluacion, id_curso, titulo, fecha) VALUES (159, 5, 'Evaluación final curso 5', '2025-05-23');
INSERT INTO resultadoevaluacion (id_resultado, id_evaluacion, id_usuario, puntaje) VALUES (159, 5, 165, 69.89);
INSERT INTO inscripcion (id_inscripcion, id_usuario, id_curso, fecha_inscripcion, estado) VALUES (160, 166, 5, '2025-04-09', 'activo');
INSERT INTO avancecurso (id_avance, id_inscripcion, modulo, porcentaje, fecha) VALUES (470, 160, 'Módulo 1', 68, '2025-03-19');
INSERT INTO avancecurso (id_avance, id_inscripcion, modulo, porcentaje, fecha) VALUES (471, 160, 'Módulo 5', 20, '2025-02-11');
INSERT INTO avancecurso (id_avance, id_inscripcion, modulo, porcentaje, fecha) VALUES (472, 160, 'Módulo 2', 64, '2025-07-06');
INSERT INTO avancecurso (id_avance, id_inscripcion, modulo, porcentaje, fecha) VALUES (473, 160, 'Módulo 3', 95, '2025-07-08');
INSERT INTO evaluacion (id_evaluacion, id_curso, titulo, fecha) VALUES (160, 5, 'Evaluación final curso 5', '2025-02-16');
INSERT INTO resultadoevaluacion (id_resultado, id_evaluacion, id_usuario, puntaje) VALUES (160, 5, 166, 60.93);
INSERT INTO inscripcion (id_inscripcion, id_usuario, id_curso, fecha_inscripcion, estado) VALUES (161, 167, 5, '2025-03-28', 'activo');
INSERT INTO avancecurso (id_avance, id_inscripcion, modulo, porcentaje, fecha) VALUES (474, 161, 'Módulo 2', 85, '2025-03-08');
INSERT INTO avancecurso (id_avance, id_inscripcion, modulo, porcentaje, fecha) VALUES (475, 161, 'Módulo 3', 29, '2025-03-13');
INSERT INTO evaluacion (id_evaluacion, id_curso, titulo, fecha) VALUES (161, 5, 'Evaluación final curso 5', '2025-03-23');
INSERT INTO resultadoevaluacion (id_resultado, id_evaluacion, id_usuario, puntaje) VALUES (161, 5, 167, 91.15);
INSERT INTO inscripcion (id_inscripcion, id_usuario, id_curso, fecha_inscripcion, estado) VALUES (162, 168, 5, '2025-06-28', 'activo');
INSERT INTO avancecurso (id_avance, id_inscripcion, modulo, porcentaje, fecha) VALUES (476, 162, 'Módulo 4', 77, '2025-05-09');
INSERT INTO avancecurso (id_avance, id_inscripcion, modulo, porcentaje, fecha) VALUES (477, 162, 'Módulo 4', 98, '2025-05-17');
INSERT INTO avancecurso (id_avance, id_inscripcion, modulo, porcentaje, fecha) VALUES (478, 162, 'Módulo 1', 92, '2025-01-09');
INSERT INTO avancecurso (id_avance, id_inscripcion, modulo, porcentaje, fecha) VALUES (479, 162, 'Módulo 5', 19, '2025-04-22');
INSERT INTO evaluacion (id_evaluacion, id_curso, titulo, fecha) VALUES (162, 5, 'Evaluación final curso 5', '2025-03-24');
INSERT INTO resultadoevaluacion (id_resultado, id_evaluacion, id_usuario, puntaje) VALUES (162, 5, 168, 73.01);
INSERT INTO inscripcion (id_inscripcion, id_usuario, id_curso, fecha_inscripcion, estado) VALUES (163, 169, 5, '2025-07-06', 'activo');
INSERT INTO avancecurso (id_avance, id_inscripcion, modulo, porcentaje, fecha) VALUES (480, 163, 'Módulo 5', 38, '2025-06-06');
INSERT INTO avancecurso (id_avance, id_inscripcion, modulo, porcentaje, fecha) VALUES (481, 163, 'Módulo 3', 80, '2025-02-22');
INSERT INTO avancecurso (id_avance, id_inscripcion, modulo, porcentaje, fecha) VALUES (482, 163, 'Módulo 5', 16, '2025-06-12');
INSERT INTO avancecurso (id_avance, id_inscripcion, modulo, porcentaje, fecha) VALUES (483, 163, 'Módulo 1', 93, '2025-02-13');
INSERT INTO evaluacion (id_evaluacion, id_curso, titulo, fecha) VALUES (163, 5, 'Evaluación final curso 5', '2025-03-18');
INSERT INTO resultadoevaluacion (id_resultado, id_evaluacion, id_usuario, puntaje) VALUES (163, 5, 169, 72.24);
INSERT INTO inscripcion (id_inscripcion, id_usuario, id_curso, fecha_inscripcion, estado) VALUES (164, 170, 5, '2025-02-06', 'activo');
INSERT INTO avancecurso (id_avance, id_inscripcion, modulo, porcentaje, fecha) VALUES (484, 164, 'Módulo 3', 50, '2025-06-01');
INSERT INTO avancecurso (id_avance, id_inscripcion, modulo, porcentaje, fecha) VALUES (485, 164, 'Módulo 2', 18, '2025-01-26');
INSERT INTO avancecurso (id_avance, id_inscripcion, modulo, porcentaje, fecha) VALUES (486, 164, 'Módulo 3', 83, '2025-07-02');
INSERT INTO evaluacion (id_evaluacion, id_curso, titulo, fecha) VALUES (164, 5, 'Evaluación final curso 5', '2025-03-28');
INSERT INTO resultadoevaluacion (id_resultado, id_evaluacion, id_usuario, puntaje) VALUES (164, 5, 170, 45.34);
INSERT INTO inscripcion (id_inscripcion, id_usuario, id_curso, fecha_inscripcion, estado) VALUES (165, 171, 5, '2025-06-23', 'activo');
INSERT INTO avancecurso (id_avance, id_inscripcion, modulo, porcentaje, fecha) VALUES (487, 165, 'Módulo 3', 65, '2025-03-22');
INSERT INTO avancecurso (id_avance, id_inscripcion, modulo, porcentaje, fecha) VALUES (488, 165, 'Módulo 3', 15, '2025-01-13');
INSERT INTO avancecurso (id_avance, id_inscripcion, modulo, porcentaje, fecha) VALUES (489, 165, 'Módulo 2', 77, '2025-02-09');
INSERT INTO avancecurso (id_avance, id_inscripcion, modulo, porcentaje, fecha) VALUES (490, 165, 'Módulo 3', 89, '2025-03-24');
INSERT INTO evaluacion (id_evaluacion, id_curso, titulo, fecha) VALUES (165, 5, 'Evaluación final curso 5', '2025-02-27');
INSERT INTO resultadoevaluacion (id_resultado, id_evaluacion, id_usuario, puntaje) VALUES (165, 5, 171, 50.02);
INSERT INTO inscripcion (id_inscripcion, id_usuario, id_curso, fecha_inscripcion, estado) VALUES (166, 172, 5, '2025-06-03', 'activo');
INSERT INTO avancecurso (id_avance, id_inscripcion, modulo, porcentaje, fecha) VALUES (491, 166, 'Módulo 6', 17, '2025-03-21');
INSERT INTO avancecurso (id_avance, id_inscripcion, modulo, porcentaje, fecha) VALUES (492, 166, 'Módulo 2', 80, '2025-02-05');
INSERT INTO avancecurso (id_avance, id_inscripcion, modulo, porcentaje, fecha) VALUES (493, 166, 'Módulo 5', 83, '2025-03-31');
INSERT INTO avancecurso (id_avance, id_inscripcion, modulo, porcentaje, fecha) VALUES (494, 166, 'Módulo 6', 41, '2025-04-23');
INSERT INTO evaluacion (id_evaluacion, id_curso, titulo, fecha) VALUES (166, 5, 'Evaluación final curso 5', '2025-01-07');
INSERT INTO resultadoevaluacion (id_resultado, id_evaluacion, id_usuario, puntaje) VALUES (166, 5, 172, 70.40);
INSERT INTO inscripcion (id_inscripcion, id_usuario, id_curso, fecha_inscripcion, estado) VALUES (167, 173, 5, '2025-02-25', 'activo');
INSERT INTO avancecurso (id_avance, id_inscripcion, modulo, porcentaje, fecha) VALUES (495, 167, 'Módulo 3', 31, '2025-04-06');
INSERT INTO avancecurso (id_avance, id_inscripcion, modulo, porcentaje, fecha) VALUES (496, 167, 'Módulo 6', 68, '2025-03-08');
INSERT INTO evaluacion (id_evaluacion, id_curso, titulo, fecha) VALUES (167, 5, 'Evaluación final curso 5', '2025-06-04');
INSERT INTO resultadoevaluacion (id_resultado, id_evaluacion, id_usuario, puntaje) VALUES (167, 5, 173, 80.86);
INSERT INTO inscripcion (id_inscripcion, id_usuario, id_curso, fecha_inscripcion, estado) VALUES (168, 174, 5, '2025-05-03', 'activo');
INSERT INTO avancecurso (id_avance, id_inscripcion, modulo, porcentaje, fecha) VALUES (497, 168, 'Módulo 2', 48, '2025-02-22');
INSERT INTO avancecurso (id_avance, id_inscripcion, modulo, porcentaje, fecha) VALUES (498, 168, 'Módulo 6', 94, '2025-06-21');
INSERT INTO avancecurso (id_avance, id_inscripcion, modulo, porcentaje, fecha) VALUES (499, 168, 'Módulo 4', 54, '2025-07-04');
INSERT INTO avancecurso (id_avance, id_inscripcion, modulo, porcentaje, fecha) VALUES (500, 168, 'Módulo 4', 22, '2025-04-29');
INSERT INTO evaluacion (id_evaluacion, id_curso, titulo, fecha) VALUES (168, 5, 'Evaluación final curso 5', '2025-01-14');
INSERT INTO resultadoevaluacion (id_resultado, id_evaluacion, id_usuario, puntaje) VALUES (168, 5, 174, 46.80);
INSERT INTO inscripcion (id_inscripcion, id_usuario, id_curso, fecha_inscripcion, estado) VALUES (169, 175, 5, '2025-05-19', 'activo');
INSERT INTO avancecurso (id_avance, id_inscripcion, modulo, porcentaje, fecha) VALUES (501, 169, 'Módulo 3', 42, '2025-03-16');
INSERT INTO avancecurso (id_avance, id_inscripcion, modulo, porcentaje, fecha) VALUES (502, 169, 'Módulo 1', 21, '2025-04-24');
INSERT INTO avancecurso (id_avance, id_inscripcion, modulo, porcentaje, fecha) VALUES (503, 169, 'Módulo 3', 55, '2025-03-03');
INSERT INTO evaluacion (id_evaluacion, id_curso, titulo, fecha) VALUES (169, 5, 'Evaluación final curso 5', '2025-03-11');
INSERT INTO resultadoevaluacion (id_resultado, id_evaluacion, id_usuario, puntaje) VALUES (169, 5, 175, 48.85);
INSERT INTO inscripcion (id_inscripcion, id_usuario, id_curso, fecha_inscripcion, estado) VALUES (170, 176, 5, '2025-01-05', 'activo');
INSERT INTO avancecurso (id_avance, id_inscripcion, modulo, porcentaje, fecha) VALUES (504, 170, 'Módulo 6', 97, '2025-02-05');
INSERT INTO avancecurso (id_avance, id_inscripcion, modulo, porcentaje, fecha) VALUES (505, 170, 'Módulo 4', 61, '2025-03-19');
INSERT INTO avancecurso (id_avance, id_inscripcion, modulo, porcentaje, fecha) VALUES (506, 170, 'Módulo 3', 19, '2025-03-15');
INSERT INTO avancecurso (id_avance, id_inscripcion, modulo, porcentaje, fecha) VALUES (507, 170, 'Módulo 5', 91, '2025-05-25');
INSERT INTO evaluacion (id_evaluacion, id_curso, titulo, fecha) VALUES (170, 5, 'Evaluación final curso 5', '2025-01-21');
INSERT INTO resultadoevaluacion (id_resultado, id_evaluacion, id_usuario, puntaje) VALUES (170, 5, 176, 93.33);
INSERT INTO inscripcion (id_inscripcion, id_usuario, id_curso, fecha_inscripcion, estado) VALUES (171, 177, 5, '2025-04-08', 'activo');
INSERT INTO avancecurso (id_avance, id_inscripcion, modulo, porcentaje, fecha) VALUES (508, 171, 'Módulo 3', 84, '2025-03-12');
INSERT INTO avancecurso (id_avance, id_inscripcion, modulo, porcentaje, fecha) VALUES (509, 171, 'Módulo 5', 72, '2025-05-03');
INSERT INTO avancecurso (id_avance, id_inscripcion, modulo, porcentaje, fecha) VALUES (510, 171, 'Módulo 2', 59, '2025-01-03');
INSERT INTO avancecurso (id_avance, id_inscripcion, modulo, porcentaje, fecha) VALUES (511, 171, 'Módulo 6', 18, '2025-04-21');
INSERT INTO evaluacion (id_evaluacion, id_curso, titulo, fecha) VALUES (171, 5, 'Evaluación final curso 5', '2025-04-11');
INSERT INTO resultadoevaluacion (id_resultado, id_evaluacion, id_usuario, puntaje) VALUES (171, 5, 177, 79.58);
INSERT INTO inscripcion (id_inscripcion, id_usuario, id_curso, fecha_inscripcion, estado) VALUES (172, 178, 5, '2025-04-14', 'activo');
INSERT INTO avancecurso (id_avance, id_inscripcion, modulo, porcentaje, fecha) VALUES (512, 172, 'Módulo 4', 44, '2025-05-25');
INSERT INTO avancecurso (id_avance, id_inscripcion, modulo, porcentaje, fecha) VALUES (513, 172, 'Módulo 6', 17, '2025-02-26');
INSERT INTO avancecurso (id_avance, id_inscripcion, modulo, porcentaje, fecha) VALUES (514, 172, 'Módulo 2', 99, '2025-03-05');
INSERT INTO evaluacion (id_evaluacion, id_curso, titulo, fecha) VALUES (172, 5, 'Evaluación final curso 5', '2025-01-10');
INSERT INTO resultadoevaluacion (id_resultado, id_evaluacion, id_usuario, puntaje) VALUES (172, 5, 178, 89.89);
INSERT INTO inscripcion (id_inscripcion, id_usuario, id_curso, fecha_inscripcion, estado) VALUES (173, 179, 5, '2025-02-25', 'activo');
INSERT INTO avancecurso (id_avance, id_inscripcion, modulo, porcentaje, fecha) VALUES (515, 173, 'Módulo 2', 79, '2025-06-08');
INSERT INTO avancecurso (id_avance, id_inscripcion, modulo, porcentaje, fecha) VALUES (516, 173, 'Módulo 4', 92, '2025-01-27');
INSERT INTO evaluacion (id_evaluacion, id_curso, titulo, fecha) VALUES (173, 5, 'Evaluación final curso 5', '2025-03-18');
INSERT INTO resultadoevaluacion (id_resultado, id_evaluacion, id_usuario, puntaje) VALUES (173, 5, 179, 63.91);
INSERT INTO inscripcion (id_inscripcion, id_usuario, id_curso, fecha_inscripcion, estado) VALUES (174, 180, 5, '2025-04-28', 'activo');
INSERT INTO avancecurso (id_avance, id_inscripcion, modulo, porcentaje, fecha) VALUES (517, 174, 'Módulo 3', 90, '2025-05-12');
INSERT INTO avancecurso (id_avance, id_inscripcion, modulo, porcentaje, fecha) VALUES (518, 174, 'Módulo 4', 13, '2025-04-23');
INSERT INTO evaluacion (id_evaluacion, id_curso, titulo, fecha) VALUES (174, 5, 'Evaluación final curso 5', '2025-05-07');
INSERT INTO resultadoevaluacion (id_resultado, id_evaluacion, id_usuario, puntaje) VALUES (174, 5, 180, 48.09);
INSERT INTO inscripcion (id_inscripcion, id_usuario, id_curso, fecha_inscripcion, estado) VALUES (175, 181, 5, '2025-04-08', 'activo');
INSERT INTO avancecurso (id_avance, id_inscripcion, modulo, porcentaje, fecha) VALUES (519, 175, 'Módulo 4', 80, '2025-06-03');
INSERT INTO avancecurso (id_avance, id_inscripcion, modulo, porcentaje, fecha) VALUES (520, 175, 'Módulo 6', 17, '2025-04-29');
INSERT INTO evaluacion (id_evaluacion, id_curso, titulo, fecha) VALUES (175, 5, 'Evaluación final curso 5', '2025-03-01');
INSERT INTO resultadoevaluacion (id_resultado, id_evaluacion, id_usuario, puntaje) VALUES (175, 5, 181, 89.99);
INSERT INTO inscripcion (id_inscripcion, id_usuario, id_curso, fecha_inscripcion, estado) VALUES (176, 182, 5, '2025-07-04', 'activo');
INSERT INTO avancecurso (id_avance, id_inscripcion, modulo, porcentaje, fecha) VALUES (521, 176, 'Módulo 1', 39, '2025-05-09');
INSERT INTO avancecurso (id_avance, id_inscripcion, modulo, porcentaje, fecha) VALUES (522, 176, 'Módulo 5', 75, '2025-01-14');
INSERT INTO avancecurso (id_avance, id_inscripcion, modulo, porcentaje, fecha) VALUES (523, 176, 'Módulo 5', 32, '2025-07-04');
INSERT INTO evaluacion (id_evaluacion, id_curso, titulo, fecha) VALUES (176, 5, 'Evaluación final curso 5', '2025-02-04');
INSERT INTO resultadoevaluacion (id_resultado, id_evaluacion, id_usuario, puntaje) VALUES (176, 5, 182, 47.41);
INSERT INTO inscripcion (id_inscripcion, id_usuario, id_curso, fecha_inscripcion, estado) VALUES (177, 183, 5, '2025-02-07', 'activo');
INSERT INTO avancecurso (id_avance, id_inscripcion, modulo, porcentaje, fecha) VALUES (524, 177, 'Módulo 3', 90, '2025-06-14');
INSERT INTO avancecurso (id_avance, id_inscripcion, modulo, porcentaje, fecha) VALUES (525, 177, 'Módulo 6', 66, '2025-03-22');
INSERT INTO avancecurso (id_avance, id_inscripcion, modulo, porcentaje, fecha) VALUES (526, 177, 'Módulo 5', 54, '2025-04-10');
INSERT INTO avancecurso (id_avance, id_inscripcion, modulo, porcentaje, fecha) VALUES (527, 177, 'Módulo 4', 78, '2025-01-16');
INSERT INTO evaluacion (id_evaluacion, id_curso, titulo, fecha) VALUES (177, 5, 'Evaluación final curso 5', '2025-01-09');
INSERT INTO resultadoevaluacion (id_resultado, id_evaluacion, id_usuario, puntaje) VALUES (177, 5, 183, 64.69);
INSERT INTO inscripcion (id_inscripcion, id_usuario, id_curso, fecha_inscripcion, estado) VALUES (178, 184, 6, '2025-07-04', 'activo');
INSERT INTO avancecurso (id_avance, id_inscripcion, modulo, porcentaje, fecha) VALUES (528, 178, 'Módulo 5', 20, '2025-03-16');
INSERT INTO avancecurso (id_avance, id_inscripcion, modulo, porcentaje, fecha) VALUES (529, 178, 'Módulo 5', 26, '2025-02-20');
INSERT INTO avancecurso (id_avance, id_inscripcion, modulo, porcentaje, fecha) VALUES (530, 178, 'Módulo 3', 52, '2025-06-04');
INSERT INTO avancecurso (id_avance, id_inscripcion, modulo, porcentaje, fecha) VALUES (531, 178, 'Módulo 2', 42, '2025-01-11');
INSERT INTO evaluacion (id_evaluacion, id_curso, titulo, fecha) VALUES (178, 6, 'Evaluación final curso 6', '2025-02-27');
INSERT INTO resultadoevaluacion (id_resultado, id_evaluacion, id_usuario, puntaje) VALUES (178, 6, 184, 58.72);
INSERT INTO inscripcion (id_inscripcion, id_usuario, id_curso, fecha_inscripcion, estado) VALUES (179, 185, 6, '2025-01-05', 'activo');
INSERT INTO avancecurso (id_avance, id_inscripcion, modulo, porcentaje, fecha) VALUES (532, 179, 'Módulo 2', 44, '2025-02-18');
INSERT INTO avancecurso (id_avance, id_inscripcion, modulo, porcentaje, fecha) VALUES (533, 179, 'Módulo 5', 94, '2025-03-04');
INSERT INTO avancecurso (id_avance, id_inscripcion, modulo, porcentaje, fecha) VALUES (534, 179, 'Módulo 2', 91, '2025-05-02');
INSERT INTO avancecurso (id_avance, id_inscripcion, modulo, porcentaje, fecha) VALUES (535, 179, 'Módulo 3', 37, '2025-03-17');
INSERT INTO evaluacion (id_evaluacion, id_curso, titulo, fecha) VALUES (179, 6, 'Evaluación final curso 6', '2025-01-15');
INSERT INTO resultadoevaluacion (id_resultado, id_evaluacion, id_usuario, puntaje) VALUES (179, 6, 185, 58.33);
INSERT INTO inscripcion (id_inscripcion, id_usuario, id_curso, fecha_inscripcion, estado) VALUES (180, 186, 6, '2025-04-11', 'activo');
INSERT INTO avancecurso (id_avance, id_inscripcion, modulo, porcentaje, fecha) VALUES (536, 180, 'Módulo 5', 22, '2025-02-20');
INSERT INTO avancecurso (id_avance, id_inscripcion, modulo, porcentaje, fecha) VALUES (537, 180, 'Módulo 2', 45, '2025-06-14');
INSERT INTO avancecurso (id_avance, id_inscripcion, modulo, porcentaje, fecha) VALUES (538, 180, 'Módulo 6', 24, '2025-01-03');
INSERT INTO evaluacion (id_evaluacion, id_curso, titulo, fecha) VALUES (180, 6, 'Evaluación final curso 6', '2025-05-02');
INSERT INTO resultadoevaluacion (id_resultado, id_evaluacion, id_usuario, puntaje) VALUES (180, 6, 186, 90.64);
INSERT INTO inscripcion (id_inscripcion, id_usuario, id_curso, fecha_inscripcion, estado) VALUES (181, 187, 6, '2025-04-27', 'activo');
INSERT INTO avancecurso (id_avance, id_inscripcion, modulo, porcentaje, fecha) VALUES (539, 181, 'Módulo 4', 42, '2025-05-02');
INSERT INTO avancecurso (id_avance, id_inscripcion, modulo, porcentaje, fecha) VALUES (540, 181, 'Módulo 5', 40, '2025-02-20');
INSERT INTO avancecurso (id_avance, id_inscripcion, modulo, porcentaje, fecha) VALUES (541, 181, 'Módulo 5', 92, '2025-01-09');
INSERT INTO avancecurso (id_avance, id_inscripcion, modulo, porcentaje, fecha) VALUES (542, 181, 'Módulo 5', 97, '2025-07-08');
INSERT INTO evaluacion (id_evaluacion, id_curso, titulo, fecha) VALUES (181, 6, 'Evaluación final curso 6', '2025-05-10');
INSERT INTO resultadoevaluacion (id_resultado, id_evaluacion, id_usuario, puntaje) VALUES (181, 6, 187, 63.06);
INSERT INTO inscripcion (id_inscripcion, id_usuario, id_curso, fecha_inscripcion, estado) VALUES (182, 188, 6, '2025-03-10', 'activo');
INSERT INTO avancecurso (id_avance, id_inscripcion, modulo, porcentaje, fecha) VALUES (543, 182, 'Módulo 5', 44, '2025-02-22');
INSERT INTO avancecurso (id_avance, id_inscripcion, modulo, porcentaje, fecha) VALUES (544, 182, 'Módulo 1', 26, '2025-04-25');
INSERT INTO evaluacion (id_evaluacion, id_curso, titulo, fecha) VALUES (182, 6, 'Evaluación final curso 6', '2025-01-20');
INSERT INTO resultadoevaluacion (id_resultado, id_evaluacion, id_usuario, puntaje) VALUES (182, 6, 188, 77.98);
INSERT INTO inscripcion (id_inscripcion, id_usuario, id_curso, fecha_inscripcion, estado) VALUES (183, 189, 6, '2025-02-21', 'activo');
INSERT INTO avancecurso (id_avance, id_inscripcion, modulo, porcentaje, fecha) VALUES (545, 183, 'Módulo 5', 72, '2025-07-08');
INSERT INTO avancecurso (id_avance, id_inscripcion, modulo, porcentaje, fecha) VALUES (546, 183, 'Módulo 5', 75, '2025-02-14');
INSERT INTO avancecurso (id_avance, id_inscripcion, modulo, porcentaje, fecha) VALUES (547, 183, 'Módulo 4', 47, '2025-05-27');
INSERT INTO evaluacion (id_evaluacion, id_curso, titulo, fecha) VALUES (183, 6, 'Evaluación final curso 6', '2025-04-29');
INSERT INTO resultadoevaluacion (id_resultado, id_evaluacion, id_usuario, puntaje) VALUES (183, 6, 189, 99.83);
INSERT INTO inscripcion (id_inscripcion, id_usuario, id_curso, fecha_inscripcion, estado) VALUES (184, 190, 6, '2025-02-14', 'activo');
INSERT INTO avancecurso (id_avance, id_inscripcion, modulo, porcentaje, fecha) VALUES (548, 184, 'Módulo 4', 85, '2025-01-04');
INSERT INTO avancecurso (id_avance, id_inscripcion, modulo, porcentaje, fecha) VALUES (549, 184, 'Módulo 2', 71, '2025-06-21');
INSERT INTO avancecurso (id_avance, id_inscripcion, modulo, porcentaje, fecha) VALUES (550, 184, 'Módulo 4', 66, '2025-02-12');
INSERT INTO evaluacion (id_evaluacion, id_curso, titulo, fecha) VALUES (184, 6, 'Evaluación final curso 6', '2025-05-30');
INSERT INTO resultadoevaluacion (id_resultado, id_evaluacion, id_usuario, puntaje) VALUES (184, 6, 190, 50.83);
INSERT INTO inscripcion (id_inscripcion, id_usuario, id_curso, fecha_inscripcion, estado) VALUES (185, 191, 6, '2025-06-19', 'activo');
INSERT INTO avancecurso (id_avance, id_inscripcion, modulo, porcentaje, fecha) VALUES (551, 185, 'Módulo 1', 72, '2025-02-13');
INSERT INTO avancecurso (id_avance, id_inscripcion, modulo, porcentaje, fecha) VALUES (552, 185, 'Módulo 1', 22, '2025-03-08');
INSERT INTO avancecurso (id_avance, id_inscripcion, modulo, porcentaje, fecha) VALUES (553, 185, 'Módulo 4', 11, '2025-02-24');
INSERT INTO avancecurso (id_avance, id_inscripcion, modulo, porcentaje, fecha) VALUES (554, 185, 'Módulo 4', 83, '2025-05-09');
INSERT INTO evaluacion (id_evaluacion, id_curso, titulo, fecha) VALUES (185, 6, 'Evaluación final curso 6', '2025-06-07');
INSERT INTO resultadoevaluacion (id_resultado, id_evaluacion, id_usuario, puntaje) VALUES (185, 6, 191, 64.67);
INSERT INTO inscripcion (id_inscripcion, id_usuario, id_curso, fecha_inscripcion, estado) VALUES (186, 192, 6, '2025-06-10', 'activo');
INSERT INTO avancecurso (id_avance, id_inscripcion, modulo, porcentaje, fecha) VALUES (555, 186, 'Módulo 5', 66, '2025-04-18');
INSERT INTO avancecurso (id_avance, id_inscripcion, modulo, porcentaje, fecha) VALUES (556, 186, 'Módulo 3', 13, '2025-01-25');
INSERT INTO avancecurso (id_avance, id_inscripcion, modulo, porcentaje, fecha) VALUES (557, 186, 'Módulo 5', 11, '2025-06-21');
INSERT INTO evaluacion (id_evaluacion, id_curso, titulo, fecha) VALUES (186, 6, 'Evaluación final curso 6', '2025-01-01');
INSERT INTO resultadoevaluacion (id_resultado, id_evaluacion, id_usuario, puntaje) VALUES (186, 6, 192, 64.92);
INSERT INTO inscripcion (id_inscripcion, id_usuario, id_curso, fecha_inscripcion, estado) VALUES (187, 193, 6, '2025-07-06', 'activo');
INSERT INTO avancecurso (id_avance, id_inscripcion, modulo, porcentaje, fecha) VALUES (558, 187, 'Módulo 4', 20, '2025-05-11');
INSERT INTO avancecurso (id_avance, id_inscripcion, modulo, porcentaje, fecha) VALUES (559, 187, 'Módulo 6', 95, '2025-04-09');
INSERT INTO avancecurso (id_avance, id_inscripcion, modulo, porcentaje, fecha) VALUES (560, 187, 'Módulo 1', 47, '2025-05-28');
INSERT INTO evaluacion (id_evaluacion, id_curso, titulo, fecha) VALUES (187, 6, 'Evaluación final curso 6', '2025-02-13');
INSERT INTO resultadoevaluacion (id_resultado, id_evaluacion, id_usuario, puntaje) VALUES (187, 6, 193, 40.07);
INSERT INTO inscripcion (id_inscripcion, id_usuario, id_curso, fecha_inscripcion, estado) VALUES (188, 194, 6, '2025-06-16', 'activo');
INSERT INTO avancecurso (id_avance, id_inscripcion, modulo, porcentaje, fecha) VALUES (561, 188, 'Módulo 1', 36, '2025-05-30');
INSERT INTO avancecurso (id_avance, id_inscripcion, modulo, porcentaje, fecha) VALUES (562, 188, 'Módulo 5', 64, '2025-04-26');
INSERT INTO evaluacion (id_evaluacion, id_curso, titulo, fecha) VALUES (188, 6, 'Evaluación final curso 6', '2025-02-22');
INSERT INTO resultadoevaluacion (id_resultado, id_evaluacion, id_usuario, puntaje) VALUES (188, 6, 194, 63.05);
INSERT INTO inscripcion (id_inscripcion, id_usuario, id_curso, fecha_inscripcion, estado) VALUES (189, 195, 6, '2025-02-26', 'activo');
INSERT INTO avancecurso (id_avance, id_inscripcion, modulo, porcentaje, fecha) VALUES (563, 189, 'Módulo 6', 26, '2025-06-27');
INSERT INTO avancecurso (id_avance, id_inscripcion, modulo, porcentaje, fecha) VALUES (564, 189, 'Módulo 6', 46, '2025-05-25');
INSERT INTO avancecurso (id_avance, id_inscripcion, modulo, porcentaje, fecha) VALUES (565, 189, 'Módulo 1', 42, '2025-06-18');
INSERT INTO evaluacion (id_evaluacion, id_curso, titulo, fecha) VALUES (189, 6, 'Evaluación final curso 6', '2025-02-05');
INSERT INTO resultadoevaluacion (id_resultado, id_evaluacion, id_usuario, puntaje) VALUES (189, 6, 195, 98.66);
INSERT INTO inscripcion (id_inscripcion, id_usuario, id_curso, fecha_inscripcion, estado) VALUES (190, 196, 6, '2025-01-16', 'activo');
INSERT INTO avancecurso (id_avance, id_inscripcion, modulo, porcentaje, fecha) VALUES (566, 190, 'Módulo 4', 45, '2025-03-24');
INSERT INTO avancecurso (id_avance, id_inscripcion, modulo, porcentaje, fecha) VALUES (567, 190, 'Módulo 5', 49, '2025-04-30');
INSERT INTO evaluacion (id_evaluacion, id_curso, titulo, fecha) VALUES (190, 6, 'Evaluación final curso 6', '2025-04-15');
INSERT INTO resultadoevaluacion (id_resultado, id_evaluacion, id_usuario, puntaje) VALUES (190, 6, 196, 75.70);
INSERT INTO inscripcion (id_inscripcion, id_usuario, id_curso, fecha_inscripcion, estado) VALUES (191, 197, 6, '2025-07-10', 'activo');
INSERT INTO avancecurso (id_avance, id_inscripcion, modulo, porcentaje, fecha) VALUES (568, 191, 'Módulo 6', 74, '2025-03-02');
INSERT INTO avancecurso (id_avance, id_inscripcion, modulo, porcentaje, fecha) VALUES (569, 191, 'Módulo 4', 14, '2025-02-01');
INSERT INTO avancecurso (id_avance, id_inscripcion, modulo, porcentaje, fecha) VALUES (570, 191, 'Módulo 2', 19, '2025-06-15');
INSERT INTO evaluacion (id_evaluacion, id_curso, titulo, fecha) VALUES (191, 6, 'Evaluación final curso 6', '2025-01-03');
INSERT INTO resultadoevaluacion (id_resultado, id_evaluacion, id_usuario, puntaje) VALUES (191, 6, 197, 90.59);
INSERT INTO inscripcion (id_inscripcion, id_usuario, id_curso, fecha_inscripcion, estado) VALUES (192, 198, 6, '2025-06-07', 'activo');
INSERT INTO avancecurso (id_avance, id_inscripcion, modulo, porcentaje, fecha) VALUES (571, 192, 'Módulo 1', 99, '2025-05-07');
INSERT INTO avancecurso (id_avance, id_inscripcion, modulo, porcentaje, fecha) VALUES (572, 192, 'Módulo 5', 66, '2025-06-29');
INSERT INTO evaluacion (id_evaluacion, id_curso, titulo, fecha) VALUES (192, 6, 'Evaluación final curso 6', '2025-04-21');
INSERT INTO resultadoevaluacion (id_resultado, id_evaluacion, id_usuario, puntaje) VALUES (192, 6, 198, 89.67);
INSERT INTO inscripcion (id_inscripcion, id_usuario, id_curso, fecha_inscripcion, estado) VALUES (193, 199, 6, '2025-05-28', 'activo');
INSERT INTO avancecurso (id_avance, id_inscripcion, modulo, porcentaje, fecha) VALUES (573, 193, 'Módulo 1', 50, '2025-06-25');
INSERT INTO avancecurso (id_avance, id_inscripcion, modulo, porcentaje, fecha) VALUES (574, 193, 'Módulo 4', 16, '2025-02-15');
INSERT INTO avancecurso (id_avance, id_inscripcion, modulo, porcentaje, fecha) VALUES (575, 193, 'Módulo 5', 24, '2025-01-25');
INSERT INTO avancecurso (id_avance, id_inscripcion, modulo, porcentaje, fecha) VALUES (576, 193, 'Módulo 5', 21, '2025-05-22');
INSERT INTO evaluacion (id_evaluacion, id_curso, titulo, fecha) VALUES (193, 6, 'Evaluación final curso 6', '2025-07-07');
INSERT INTO resultadoevaluacion (id_resultado, id_evaluacion, id_usuario, puntaje) VALUES (193, 6, 199, 73.24);
INSERT INTO inscripcion (id_inscripcion, id_usuario, id_curso, fecha_inscripcion, estado) VALUES (194, 200, 6, '2025-03-26', 'activo');
INSERT INTO avancecurso (id_avance, id_inscripcion, modulo, porcentaje, fecha) VALUES (577, 194, 'Módulo 5', 26, '2025-01-23');
INSERT INTO avancecurso (id_avance, id_inscripcion, modulo, porcentaje, fecha) VALUES (578, 194, 'Módulo 2', 64, '2025-03-29');
INSERT INTO evaluacion (id_evaluacion, id_curso, titulo, fecha) VALUES (194, 6, 'Evaluación final curso 6', '2025-06-11');
INSERT INTO resultadoevaluacion (id_resultado, id_evaluacion, id_usuario, puntaje) VALUES (194, 6, 200, 60.02);
INSERT INTO inscripcion (id_inscripcion, id_usuario, id_curso, fecha_inscripcion, estado) VALUES (195, 201, 6, '2025-01-16', 'activo');
INSERT INTO avancecurso (id_avance, id_inscripcion, modulo, porcentaje, fecha) VALUES (579, 195, 'Módulo 4', 31, '2025-03-31');
INSERT INTO avancecurso (id_avance, id_inscripcion, modulo, porcentaje, fecha) VALUES (580, 195, 'Módulo 5', 81, '2025-06-02');
INSERT INTO avancecurso (id_avance, id_inscripcion, modulo, porcentaje, fecha) VALUES (581, 195, 'Módulo 4', 56, '2025-05-02');
INSERT INTO avancecurso (id_avance, id_inscripcion, modulo, porcentaje, fecha) VALUES (582, 195, 'Módulo 3', 36, '2025-07-08');
INSERT INTO evaluacion (id_evaluacion, id_curso, titulo, fecha) VALUES (195, 6, 'Evaluación final curso 6', '2025-06-08');
INSERT INTO resultadoevaluacion (id_resultado, id_evaluacion, id_usuario, puntaje) VALUES (195, 6, 201, 69.28);
INSERT INTO inscripcion (id_inscripcion, id_usuario, id_curso, fecha_inscripcion, estado) VALUES (196, 202, 6, '2025-01-13', 'activo');
INSERT INTO avancecurso (id_avance, id_inscripcion, modulo, porcentaje, fecha) VALUES (583, 196, 'Módulo 6', 85, '2025-05-26');
INSERT INTO avancecurso (id_avance, id_inscripcion, modulo, porcentaje, fecha) VALUES (584, 196, 'Módulo 2', 67, '2025-04-23');
INSERT INTO avancecurso (id_avance, id_inscripcion, modulo, porcentaje, fecha) VALUES (585, 196, 'Módulo 2', 34, '2025-06-29');
INSERT INTO evaluacion (id_evaluacion, id_curso, titulo, fecha) VALUES (196, 6, 'Evaluación final curso 6', '2025-05-11');
INSERT INTO resultadoevaluacion (id_resultado, id_evaluacion, id_usuario, puntaje) VALUES (196, 6, 202, 56.67);
INSERT INTO inscripcion (id_inscripcion, id_usuario, id_curso, fecha_inscripcion, estado) VALUES (197, 203, 6, '2025-01-30', 'activo');
INSERT INTO avancecurso (id_avance, id_inscripcion, modulo, porcentaje, fecha) VALUES (586, 197, 'Módulo 6', 55, '2025-03-11');
INSERT INTO avancecurso (id_avance, id_inscripcion, modulo, porcentaje, fecha) VALUES (587, 197, 'Módulo 4', 16, '2025-03-08');
INSERT INTO avancecurso (id_avance, id_inscripcion, modulo, porcentaje, fecha) VALUES (588, 197, 'Módulo 4', 26, '2025-02-16');
INSERT INTO evaluacion (id_evaluacion, id_curso, titulo, fecha) VALUES (197, 6, 'Evaluación final curso 6', '2025-03-14');
INSERT INTO resultadoevaluacion (id_resultado, id_evaluacion, id_usuario, puntaje) VALUES (197, 6, 203, 75.31);
INSERT INTO inscripcion (id_inscripcion, id_usuario, id_curso, fecha_inscripcion, estado) VALUES (198, 204, 6, '2025-02-10', 'activo');
INSERT INTO avancecurso (id_avance, id_inscripcion, modulo, porcentaje, fecha) VALUES (589, 198, 'Módulo 2', 69, '2025-04-10');
INSERT INTO avancecurso (id_avance, id_inscripcion, modulo, porcentaje, fecha) VALUES (590, 198, 'Módulo 6', 33, '2025-04-13');
INSERT INTO avancecurso (id_avance, id_inscripcion, modulo, porcentaje, fecha) VALUES (591, 198, 'Módulo 1', 68, '2025-01-16');
INSERT INTO avancecurso (id_avance, id_inscripcion, modulo, porcentaje, fecha) VALUES (592, 198, 'Módulo 6', 93, '2025-06-16');
INSERT INTO evaluacion (id_evaluacion, id_curso, titulo, fecha) VALUES (198, 6, 'Evaluación final curso 6', '2025-01-12');
INSERT INTO resultadoevaluacion (id_resultado, id_evaluacion, id_usuario, puntaje) VALUES (198, 6, 204, 91.42);
INSERT INTO inscripcion (id_inscripcion, id_usuario, id_curso, fecha_inscripcion, estado) VALUES (199, 205, 6, '2025-04-26', 'activo');
INSERT INTO avancecurso (id_avance, id_inscripcion, modulo, porcentaje, fecha) VALUES (593, 199, 'Módulo 4', 35, '2025-03-20');
INSERT INTO avancecurso (id_avance, id_inscripcion, modulo, porcentaje, fecha) VALUES (594, 199, 'Módulo 2', 87, '2025-04-01');
INSERT INTO avancecurso (id_avance, id_inscripcion, modulo, porcentaje, fecha) VALUES (595, 199, 'Módulo 1', 99, '2025-06-26');
INSERT INTO avancecurso (id_avance, id_inscripcion, modulo, porcentaje, fecha) VALUES (596, 199, 'Módulo 5', 55, '2025-01-15');
INSERT INTO evaluacion (id_evaluacion, id_curso, titulo, fecha) VALUES (199, 6, 'Evaluación final curso 6', '2025-03-06');
INSERT INTO resultadoevaluacion (id_resultado, id_evaluacion, id_usuario, puntaje) VALUES (199, 6, 205, 53.70);
INSERT INTO inscripcion (id_inscripcion, id_usuario, id_curso, fecha_inscripcion, estado) VALUES (200, 206, 6, '2025-06-18', 'activo');
INSERT INTO avancecurso (id_avance, id_inscripcion, modulo, porcentaje, fecha) VALUES (597, 200, 'Módulo 6', 32, '2025-02-16');
INSERT INTO avancecurso (id_avance, id_inscripcion, modulo, porcentaje, fecha) VALUES (598, 200, 'Módulo 5', 71, '2025-05-01');
INSERT INTO avancecurso (id_avance, id_inscripcion, modulo, porcentaje, fecha) VALUES (599, 200, 'Módulo 6', 75, '2025-04-09');
INSERT INTO avancecurso (id_avance, id_inscripcion, modulo, porcentaje, fecha) VALUES (600, 200, 'Módulo 2', 96, '2025-06-05');
INSERT INTO evaluacion (id_evaluacion, id_curso, titulo, fecha) VALUES (200, 6, 'Evaluación final curso 6', '2025-02-09');
INSERT INTO resultadoevaluacion (id_resultado, id_evaluacion, id_usuario, puntaje) VALUES (200, 6, 206, 65.18);
INSERT INTO inscripcion (id_inscripcion, id_usuario, id_curso, fecha_inscripcion, estado) VALUES (201, 207, 6, '2025-04-22', 'activo');
INSERT INTO avancecurso (id_avance, id_inscripcion, modulo, porcentaje, fecha) VALUES (601, 201, 'Módulo 3', 80, '2025-06-04');
INSERT INTO avancecurso (id_avance, id_inscripcion, modulo, porcentaje, fecha) VALUES (602, 201, 'Módulo 4', 90, '2025-01-20');
INSERT INTO evaluacion (id_evaluacion, id_curso, titulo, fecha) VALUES (201, 6, 'Evaluación final curso 6', '2025-07-09');
INSERT INTO resultadoevaluacion (id_resultado, id_evaluacion, id_usuario, puntaje) VALUES (201, 6, 207, 76.50);
INSERT INTO inscripcion (id_inscripcion, id_usuario, id_curso, fecha_inscripcion, estado) VALUES (202, 208, 6, '2025-06-11', 'activo');
INSERT INTO avancecurso (id_avance, id_inscripcion, modulo, porcentaje, fecha) VALUES (603, 202, 'Módulo 1', 13, '2025-03-22');
INSERT INTO avancecurso (id_avance, id_inscripcion, modulo, porcentaje, fecha) VALUES (604, 202, 'Módulo 1', 45, '2025-03-21');
INSERT INTO evaluacion (id_evaluacion, id_curso, titulo, fecha) VALUES (202, 6, 'Evaluación final curso 6', '2025-06-09');
INSERT INTO resultadoevaluacion (id_resultado, id_evaluacion, id_usuario, puntaje) VALUES (202, 6, 208, 82.95);
INSERT INTO inscripcion (id_inscripcion, id_usuario, id_curso, fecha_inscripcion, estado) VALUES (203, 209, 6, '2025-05-29', 'activo');
INSERT INTO avancecurso (id_avance, id_inscripcion, modulo, porcentaje, fecha) VALUES (605, 203, 'Módulo 1', 76, '2025-04-06');
INSERT INTO avancecurso (id_avance, id_inscripcion, modulo, porcentaje, fecha) VALUES (606, 203, 'Módulo 4', 99, '2025-05-29');
INSERT INTO avancecurso (id_avance, id_inscripcion, modulo, porcentaje, fecha) VALUES (607, 203, 'Módulo 6', 69, '2025-05-01');
INSERT INTO evaluacion (id_evaluacion, id_curso, titulo, fecha) VALUES (203, 6, 'Evaluación final curso 6', '2025-05-29');
INSERT INTO resultadoevaluacion (id_resultado, id_evaluacion, id_usuario, puntaje) VALUES (203, 6, 209, 66.29);
INSERT INTO inscripcion (id_inscripcion, id_usuario, id_curso, fecha_inscripcion, estado) VALUES (204, 210, 6, '2025-01-24', 'activo');
INSERT INTO avancecurso (id_avance, id_inscripcion, modulo, porcentaje, fecha) VALUES (608, 204, 'Módulo 6', 22, '2025-06-07');
INSERT INTO avancecurso (id_avance, id_inscripcion, modulo, porcentaje, fecha) VALUES (609, 204, 'Módulo 5', 31, '2025-07-04');
INSERT INTO evaluacion (id_evaluacion, id_curso, titulo, fecha) VALUES (204, 6, 'Evaluación final curso 6', '2025-04-25');
INSERT INTO resultadoevaluacion (id_resultado, id_evaluacion, id_usuario, puntaje) VALUES (204, 6, 210, 50.16);
INSERT INTO inscripcion (id_inscripcion, id_usuario, id_curso, fecha_inscripcion, estado) VALUES (205, 211, 6, '2025-04-02', 'activo');
INSERT INTO avancecurso (id_avance, id_inscripcion, modulo, porcentaje, fecha) VALUES (610, 205, 'Módulo 4', 37, '2025-04-03');
INSERT INTO avancecurso (id_avance, id_inscripcion, modulo, porcentaje, fecha) VALUES (611, 205, 'Módulo 5', 77, '2025-05-05');
INSERT INTO evaluacion (id_evaluacion, id_curso, titulo, fecha) VALUES (205, 6, 'Evaluación final curso 6', '2025-05-03');
INSERT INTO resultadoevaluacion (id_resultado, id_evaluacion, id_usuario, puntaje) VALUES (205, 6, 211, 99.20);
INSERT INTO inscripcion (id_inscripcion, id_usuario, id_curso, fecha_inscripcion, estado) VALUES (206, 212, 6, '2025-04-08', 'activo');
INSERT INTO avancecurso (id_avance, id_inscripcion, modulo, porcentaje, fecha) VALUES (612, 206, 'Módulo 6', 87, '2025-05-29');
INSERT INTO avancecurso (id_avance, id_inscripcion, modulo, porcentaje, fecha) VALUES (613, 206, 'Módulo 1', 25, '2025-04-07');
INSERT INTO avancecurso (id_avance, id_inscripcion, modulo, porcentaje, fecha) VALUES (614, 206, 'Módulo 1', 78, '2025-05-12');
INSERT INTO avancecurso (id_avance, id_inscripcion, modulo, porcentaje, fecha) VALUES (615, 206, 'Módulo 1', 59, '2025-03-06');
INSERT INTO evaluacion (id_evaluacion, id_curso, titulo, fecha) VALUES (206, 6, 'Evaluación final curso 6', '2025-03-07');
INSERT INTO resultadoevaluacion (id_resultado, id_evaluacion, id_usuario, puntaje) VALUES (206, 6, 212, 89.82);
INSERT INTO inscripcion (id_inscripcion, id_usuario, id_curso, fecha_inscripcion, estado) VALUES (207, 213, 6, '2025-03-27', 'activo');
INSERT INTO avancecurso (id_avance, id_inscripcion, modulo, porcentaje, fecha) VALUES (616, 207, 'Módulo 4', 66, '2025-01-14');
INSERT INTO avancecurso (id_avance, id_inscripcion, modulo, porcentaje, fecha) VALUES (617, 207, 'Módulo 5', 52, '2025-02-11');
INSERT INTO evaluacion (id_evaluacion, id_curso, titulo, fecha) VALUES (207, 6, 'Evaluación final curso 6', '2025-06-06');
INSERT INTO resultadoevaluacion (id_resultado, id_evaluacion, id_usuario, puntaje) VALUES (207, 6, 213, 84.14);
INSERT INTO inscripcion (id_inscripcion, id_usuario, id_curso, fecha_inscripcion, estado) VALUES (208, 214, 6, '2025-05-16', 'activo');
INSERT INTO avancecurso (id_avance, id_inscripcion, modulo, porcentaje, fecha) VALUES (618, 208, 'Módulo 1', 47, '2025-05-25');
INSERT INTO avancecurso (id_avance, id_inscripcion, modulo, porcentaje, fecha) VALUES (619, 208, 'Módulo 1', 35, '2025-04-30');
INSERT INTO evaluacion (id_evaluacion, id_curso, titulo, fecha) VALUES (208, 6, 'Evaluación final curso 6', '2025-03-17');
INSERT INTO resultadoevaluacion (id_resultado, id_evaluacion, id_usuario, puntaje) VALUES (208, 6, 214, 60.20);
INSERT INTO inscripcion (id_inscripcion, id_usuario, id_curso, fecha_inscripcion, estado) VALUES (209, 215, 6, '2025-02-23', 'activo');
INSERT INTO avancecurso (id_avance, id_inscripcion, modulo, porcentaje, fecha) VALUES (620, 209, 'Módulo 5', 73, '2025-04-08');
INSERT INTO avancecurso (id_avance, id_inscripcion, modulo, porcentaje, fecha) VALUES (621, 209, 'Módulo 4', 42, '2025-02-16');
INSERT INTO avancecurso (id_avance, id_inscripcion, modulo, porcentaje, fecha) VALUES (622, 209, 'Módulo 2', 29, '2025-04-18');
INSERT INTO avancecurso (id_avance, id_inscripcion, modulo, porcentaje, fecha) VALUES (623, 209, 'Módulo 2', 43, '2025-04-25');
INSERT INTO evaluacion (id_evaluacion, id_curso, titulo, fecha) VALUES (209, 6, 'Evaluación final curso 6', '2025-06-08');
INSERT INTO resultadoevaluacion (id_resultado, id_evaluacion, id_usuario, puntaje) VALUES (209, 6, 215, 65.33);
INSERT INTO inscripcion (id_inscripcion, id_usuario, id_curso, fecha_inscripcion, estado) VALUES (210, 216, 6, '2025-06-27', 'activo');
INSERT INTO avancecurso (id_avance, id_inscripcion, modulo, porcentaje, fecha) VALUES (624, 210, 'Módulo 4', 81, '2025-01-03');
INSERT INTO avancecurso (id_avance, id_inscripcion, modulo, porcentaje, fecha) VALUES (625, 210, 'Módulo 2', 30, '2025-06-07');
INSERT INTO avancecurso (id_avance, id_inscripcion, modulo, porcentaje, fecha) VALUES (626, 210, 'Módulo 3', 87, '2025-02-28');
INSERT INTO avancecurso (id_avance, id_inscripcion, modulo, porcentaje, fecha) VALUES (627, 210, 'Módulo 6', 57, '2025-07-07');
INSERT INTO evaluacion (id_evaluacion, id_curso, titulo, fecha) VALUES (210, 6, 'Evaluación final curso 6', '2025-04-28');
INSERT INTO resultadoevaluacion (id_resultado, id_evaluacion, id_usuario, puntaje) VALUES (210, 6, 216, 58.22);
INSERT INTO inscripcion (id_inscripcion, id_usuario, id_curso, fecha_inscripcion, estado) VALUES (211, 217, 6, '2025-03-29', 'activo');
INSERT INTO avancecurso (id_avance, id_inscripcion, modulo, porcentaje, fecha) VALUES (628, 211, 'Módulo 1', 78, '2025-01-10');
INSERT INTO avancecurso (id_avance, id_inscripcion, modulo, porcentaje, fecha) VALUES (629, 211, 'Módulo 2', 26, '2025-04-06');
INSERT INTO avancecurso (id_avance, id_inscripcion, modulo, porcentaje, fecha) VALUES (630, 211, 'Módulo 5', 11, '2025-04-26');
INSERT INTO evaluacion (id_evaluacion, id_curso, titulo, fecha) VALUES (211, 6, 'Evaluación final curso 6', '2025-02-04');
INSERT INTO resultadoevaluacion (id_resultado, id_evaluacion, id_usuario, puntaje) VALUES (211, 6, 217, 62.95);
INSERT INTO inscripcion (id_inscripcion, id_usuario, id_curso, fecha_inscripcion, estado) VALUES (212, 218, 6, '2025-01-20', 'activo');
INSERT INTO avancecurso (id_avance, id_inscripcion, modulo, porcentaje, fecha) VALUES (631, 212, 'Módulo 6', 67, '2025-07-05');
INSERT INTO avancecurso (id_avance, id_inscripcion, modulo, porcentaje, fecha) VALUES (632, 212, 'Módulo 5', 84, '2025-01-22');
INSERT INTO evaluacion (id_evaluacion, id_curso, titulo, fecha) VALUES (212, 6, 'Evaluación final curso 6', '2025-03-03');
INSERT INTO resultadoevaluacion (id_resultado, id_evaluacion, id_usuario, puntaje) VALUES (212, 6, 218, 42.69);
INSERT INTO inscripcion (id_inscripcion, id_usuario, id_curso, fecha_inscripcion, estado) VALUES (213, 219, 6, '2025-03-22', 'activo');
INSERT INTO avancecurso (id_avance, id_inscripcion, modulo, porcentaje, fecha) VALUES (633, 213, 'Módulo 5', 42, '2025-06-01');
INSERT INTO avancecurso (id_avance, id_inscripcion, modulo, porcentaje, fecha) VALUES (634, 213, 'Módulo 6', 11, '2025-01-13');
INSERT INTO evaluacion (id_evaluacion, id_curso, titulo, fecha) VALUES (213, 6, 'Evaluación final curso 6', '2025-06-19');
INSERT INTO resultadoevaluacion (id_resultado, id_evaluacion, id_usuario, puntaje) VALUES (213, 6, 219, 70.30);
INSERT INTO inscripcion (id_inscripcion, id_usuario, id_curso, fecha_inscripcion, estado) VALUES (214, 220, 6, '2025-05-05', 'activo');
INSERT INTO avancecurso (id_avance, id_inscripcion, modulo, porcentaje, fecha) VALUES (635, 214, 'Módulo 5', 68, '2025-05-09');
INSERT INTO avancecurso (id_avance, id_inscripcion, modulo, porcentaje, fecha) VALUES (636, 214, 'Módulo 1', 16, '2025-04-11');
INSERT INTO avancecurso (id_avance, id_inscripcion, modulo, porcentaje, fecha) VALUES (637, 214, 'Módulo 6', 63, '2025-07-03');
INSERT INTO avancecurso (id_avance, id_inscripcion, modulo, porcentaje, fecha) VALUES (638, 214, 'Módulo 6', 36, '2025-03-14');
INSERT INTO evaluacion (id_evaluacion, id_curso, titulo, fecha) VALUES (214, 6, 'Evaluación final curso 6', '2025-02-02');
INSERT INTO resultadoevaluacion (id_resultado, id_evaluacion, id_usuario, puntaje) VALUES (214, 6, 220, 68.04);
INSERT INTO inscripcion (id_inscripcion, id_usuario, id_curso, fecha_inscripcion, estado) VALUES (215, 221, 6, '2025-06-28', 'activo');
INSERT INTO avancecurso (id_avance, id_inscripcion, modulo, porcentaje, fecha) VALUES (639, 215, 'Módulo 4', 27, '2025-02-27');
INSERT INTO avancecurso (id_avance, id_inscripcion, modulo, porcentaje, fecha) VALUES (640, 215, 'Módulo 1', 56, '2025-06-27');
INSERT INTO avancecurso (id_avance, id_inscripcion, modulo, porcentaje, fecha) VALUES (641, 215, 'Módulo 4', 64, '2025-03-24');
INSERT INTO avancecurso (id_avance, id_inscripcion, modulo, porcentaje, fecha) VALUES (642, 215, 'Módulo 1', 81, '2025-02-11');
INSERT INTO evaluacion (id_evaluacion, id_curso, titulo, fecha) VALUES (215, 6, 'Evaluación final curso 6', '2025-07-09');
INSERT INTO resultadoevaluacion (id_resultado, id_evaluacion, id_usuario, puntaje) VALUES (215, 6, 221, 98.24);
INSERT INTO forocurso (id_foro, id_curso, tema) VALUES (1, 6, 'Aplicaciones prácticas en circuitos hidráulicos industriales.');
INSERT INTO forocurso (id_foro, id_curso, tema) VALUES (2, 5, 'Funcionamiento y mantenimiento de válvulas de control.');
INSERT INTO forocurso (id_foro, id_curso, tema) VALUES (3, 1, 'Principios básicos de sistemas hidráulicos integrales.');
INSERT INTO forocurso (id_foro, id_curso, tema) VALUES (4, 2, 'Errores comunes en bombas hidráulicas.');
INSERT INTO forocurso (id_foro, id_curso, tema) VALUES (5, 5, 'Interpretación de simbología hidráulica.');
INSERT INTO forocurso (id_foro, id_curso, tema) VALUES (6, 4, 'Análisis de fallas frecuentes en sistemas Epiroc.');
INSERT INTO forocurso (id_foro, id_curso, tema) VALUES (7, 1, 'Consejos para el estudio de hidráulica básica.');
INSERT INTO forocurso (id_foro, id_curso, tema) VALUES (8, 3, 'Simulación de perforación en maquinaria pesada.');
INSERT INTO comentarioforo (id_comentario, id_foro, id_usuario, mensaje, fecha) VALUES (1, 5, 18, 'Este tema me ayudó mucho a comprender mejor el funcionamiento de los sistemas hidráulicos.', '2025-04-12 15:23:04');
INSERT INTO comentarioforo (id_comentario, id_foro, id_usuario, mensaje, fecha) VALUES (2, 1, 89, '¿Alguien tiene una guía para resolver fallas comunes en válvulas de control?', '2025-03-27 04:48:01');
INSERT INTO comentarioforo (id_comentario, id_foro, id_usuario, mensaje, fecha) VALUES (3, 7, 109, 'El contenido inicial del curso fue bastante claro, gracias por compartirlo.', '2025-03-22 01:30:18');
INSERT INTO comentarioforo (id_comentario, id_foro, id_usuario, mensaje, fecha) VALUES (4, 4, 163, '¿Se puede aplicar este módulo al mantenimiento de sistemas reales?', '2025-03-19 23:16:36');
INSERT INTO comentarioforo (id_comentario, id_foro, id_usuario, mensaje, fecha) VALUES (5, 1, 137, 'Excelente explicación sobre los principios básicos de hidráulica.', '2025-05-12 01:56:17');
INSERT INTO comentarioforo (id_comentario, id_foro, id_usuario, mensaje, fecha) VALUES (6, 5, 163, 'La simbología hidráulica me pareció difícil al inicio, pero este material lo aclara todo.', '2025-02-16 07:53:11');
INSERT INTO comentarioforo (id_comentario, id_foro, id_usuario, mensaje, fecha) VALUES (7, 2, 78, 'Muy interesante el mantenimiento preventivo, ¿hay un check list?', '2025-03-23 15:54:17');
INSERT INTO comentarioforo (id_comentario, id_foro, id_usuario, mensaje, fecha) VALUES (8, 1, 186, 'Los principios de presión y caudal fueron explicados muy bien.', '2025-06-29 07:46:11');
INSERT INTO comentarioforo (id_comentario, id_foro, id_usuario, mensaje, fecha) VALUES (9, 6, 13, '¿Cuáles son las fallas más comunes en el sistema hidráulico Epiroc?', '2025-06-28 07:59:11');
INSERT INTO comentarioforo (id_comentario, id_foro, id_usuario, mensaje, fecha) VALUES (10, 8, 29, '¿Cómo se realiza una simulación en maquinaria pesada?', '2025-07-10 16:44:24');
INSERT INTO comentarioforo (id_comentario, id_foro, id_usuario, mensaje, fecha) VALUES (11, 8, 97, 'Muy buenos recursos complementarios. Gracias por los aportes.', '2025-04-12 22:03:32');
INSERT INTO comentarioforo (id_comentario, id_foro, id_usuario, mensaje, fecha) VALUES (12, 7, 205, 'Los consejos para el estudio fueron muy útiles, gracias por compartir.', '2025-02-20 20:01:14');
INSERT INTO comentarioforo (id_comentario, id_foro, id_usuario, mensaje, fecha) VALUES (13, 1, 187, 'El video del módulo 2 fue bastante claro, recomiendo verlo varias veces.', '2025-06-21 18:53:40');
INSERT INTO comentarioforo (id_comentario, id_foro, id_usuario, mensaje, fecha) VALUES (14, 6, 96, 'Tuve problemas con el sistema Epiroc, ahora entiendo por qué fallaba.', '2025-02-28 18:40:08');
INSERT INTO comentarioforo (id_comentario, id_foro, id_usuario, mensaje, fecha) VALUES (15, 2, 12, 'Las válvulas de control requieren mucha atención, gran aporte este tema.', '2025-06-26 22:40:42');
INSERT INTO comentarioforo (id_comentario, id_foro, id_usuario, mensaje, fecha) VALUES (16, 5, 116, '¿Hay algún simulador online para practicar simbología?', '2025-04-07 07:58:55');
INSERT INTO comentarioforo (id_comentario, id_foro, id_usuario, mensaje, fecha) VALUES (17, 4, 40, 'Me gustó el enfoque práctico de este módulo, ¡gracias!', '2025-06-19 20:11:29');
INSERT INTO comentarioforo (id_comentario, id_foro, id_usuario, mensaje, fecha) VALUES (18, 1, 194, 'Sería bueno tener más ejemplos sobre presión y caudal.', '2025-04-20 03:15:34');
INSERT INTO comentarioforo (id_comentario, id_foro, id_usuario, mensaje, fecha) VALUES (19, 5, 43, '¿Alguien tiene un resumen visual de los símbolos principales?', '2025-03-29 08:51:59');
INSERT INTO comentarioforo (id_comentario, id_foro, id_usuario, mensaje, fecha) VALUES (20, 7, 131, 'Buen contenido, lo usaré para mi próximo mantenimiento.', '2025-07-05 11:45:16');
INSERT INTO comentarioforo (id_comentario, id_foro, id_usuario, mensaje, fecha) VALUES (21, 7, 56, 'Gracias por explicar la diferencia entre bombas de engranaje y de paletas.', '2025-06-24 03:40:25');
INSERT INTO comentarioforo (id_comentario, id_foro, id_usuario, mensaje, fecha) VALUES (22, 4, 184, '¿Qué pasa si se obstruye una válvula reguladora?', '2025-06-24 02:09:45');
INSERT INTO comentarioforo (id_comentario, id_foro, id_usuario, mensaje, fecha) VALUES (23, 1, 31, 'Muy buena explicación teórica y práctica.', '2025-05-19 16:56:57');
INSERT INTO comentarioforo (id_comentario, id_foro, id_usuario, mensaje, fecha) VALUES (24, 8, 201, 'Las animaciones del curso fueron geniales para entender el proceso.', '2025-02-01 01:59:40');
INSERT INTO comentarioforo (id_comentario, id_foro, id_usuario, mensaje, fecha) VALUES (25, 3, 127, '¿Dónde puedo encontrar ejercicios de refuerzo sobre hidráulica integral?', '2025-04-10 00:41:45');
