INSERT INTO usuario (id_usuario, nombre, apellido, correo, contraseña, rol) VALUES (1, 'Florina', 'Anaya', 'florina.anaya@sematec.edu.pe', 'password123', 'profesor');
INSERT INTO perfilprofesor (id_usuario, especialidad) VALUES (1, 'Hidráulica avanzada');
INSERT INTO usuario (id_usuario, nombre, apellido, correo, contraseña, rol) VALUES (2, 'Horacio', 'Tenorio', 'horacio.tenorio@sematec.edu.pe', 'password123', 'profesor');
INSERT INTO perfilprofesor (id_usuario, especialidad) VALUES (2, 'Electromecánica');
INSERT INTO usuario (id_usuario, nombre, apellido, correo, contraseña, rol) VALUES (3, 'Pili', 'Naranjo', 'pili.naranjo@sematec.edu.pe', 'password123', 'profesor');
INSERT INTO perfilprofesor (id_usuario, especialidad) VALUES (3, 'Ingeniería de maquinaria pesada');
INSERT INTO usuario (id_usuario, nombre, apellido, correo, contraseña, rol) VALUES (4, 'Casemiro', 'Acuña', 'casemiro.acuña@sematec.edu.pe', 'password123', 'profesor');
INSERT INTO perfilprofesor (id_usuario, especialidad) VALUES (4, 'Sistemas industriales');
INSERT INTO usuario (id_usuario, nombre, apellido, correo, contraseña, rol) VALUES (5, 'Antonio', 'Godoy', 'antonio.godoy@sematec.edu.pe', 'password123', 'profesor');
INSERT INTO perfilprofesor (id_usuario, especialidad) VALUES (5, 'Tecnología minera');
INSERT INTO usuario (id_usuario, nombre, apellido, correo, contraseña, rol) VALUES (6, 'Amada', 'Cal', 'amada.cal@sematec.edu.pe', 'password123', 'profesor');
INSERT INTO perfilprofesor (id_usuario, especialidad) VALUES (6, 'Mecatrónica');
INSERT INTO curso (id_curso, nombre, descripcion, categoria, nivel, id_profesor) VALUES (1, 'CURSO INTEGRAL DE SISTEMAS HIDRÁULICOS', 'Curso de curso integral de sistemas hidráulicos', 'Hidráulica', 'Intermedio', 1);
INSERT INTO curso (id_curso, nombre, descripcion, categoria, nivel, id_profesor) VALUES (2, 'BOMBAS Y MOTORES HIDRAULICOS', 'Curso de bombas y motores hidraulicos', 'Hidráulica', 'Intermedio', 2);
INSERT INTO curso (id_curso, nombre, descripcion, categoria, nivel, id_profesor) VALUES (3, 'SISTEMAS HIDRÁULICOS DE LA MAQUINARIA PESADA', 'Curso de sistemas hidráulicos de la maquinaria pesada', 'Hidráulica', 'Intermedio', 3);
INSERT INTO curso (id_curso, nombre, descripcion, categoria, nivel, id_profesor) VALUES (4, 'Jumbo EPIROC S1D', 'Curso de jumbo epiroc s1d', 'Hidráulica', 'Intermedio', 4);
INSERT INTO curso (id_curso, nombre, descripcion, categoria, nivel, id_profesor) VALUES (5, 'VÁLVULAS HIDRÁULICAS Y SIMBOLOGÍA NORMALIZADA', 'Curso de válvulas hidráulicas y simbología normalizada', 'Hidráulica', 'Intermedio', 5);
INSERT INTO curso (id_curso, nombre, descripcion, categoria, nivel, id_profesor) VALUES (6, 'SISTEMAS DE PERFORACIÓN EPIROC', 'Curso de sistemas de perforación epiroc', 'Hidráulica', 'Intermedio', 6);
INSERT INTO usuario (id_usuario, nombre, apellido, correo, contraseña, rol) VALUES (7, 'Nilda', 'Sacristán', 'nilda.sacristán7@sematec.edu.pe', 'password123', 'estudiante');
INSERT INTO perfilestudiante (id_usuario, edad, nivel_educativo, ocupacion) VALUES (7, 35, 'Secundaria', 'Operador de maquinaria');
INSERT INTO usuario (id_usuario, nombre, apellido, correo, contraseña, rol) VALUES (8, 'Encarna', 'Mata', 'encarna.mata8@sematec.edu.pe', 'password123', 'estudiante');
INSERT INTO perfilestudiante (id_usuario, edad, nivel_educativo, ocupacion) VALUES (8, 37, 'Universitario', 'Operador de maquinaria');
INSERT INTO usuario (id_usuario, nombre, apellido, correo, contraseña, rol) VALUES (9, 'Teodoro', 'Adadia', 'teodoro.adadia9@sematec.edu.pe', 'password123', 'estudiante');
INSERT INTO perfilestudiante (id_usuario, edad, nivel_educativo, ocupacion) VALUES (9, 50, 'Universitario', 'Operador de maquinaria');
INSERT INTO usuario (id_usuario, nombre, apellido, correo, contraseña, rol) VALUES (10, 'Luís', 'Gras', 'luís.gras10@sematec.edu.pe', 'password123', 'estudiante');
INSERT INTO perfilestudiante (id_usuario, edad, nivel_educativo, ocupacion) VALUES (10, 20, 'Universitario', 'Estudiante');
INSERT INTO usuario (id_usuario, nombre, apellido, correo, contraseña, rol) VALUES (11, 'Ana', 'Huguet', 'ana.huguet11@sematec.edu.pe', 'password123', 'estudiante');
INSERT INTO perfilestudiante (id_usuario, edad, nivel_educativo, ocupacion) VALUES (11, 46, 'Universitario', 'Mecánico');
INSERT INTO usuario (id_usuario, nombre, apellido, correo, contraseña, rol) VALUES (12, 'Luisa', 'Rocamora', 'luisa.rocamora12@sematec.edu.pe', 'password123', 'estudiante');
INSERT INTO perfilestudiante (id_usuario, edad, nivel_educativo, ocupacion) VALUES (12, 52, 'Secundaria', 'Operador de maquinaria');
INSERT INTO usuario (id_usuario, nombre, apellido, correo, contraseña, rol) VALUES (13, 'Guillermo', 'Cárdenas', 'guillermo.cárdenas13@sematec.edu.pe', 'password123', 'estudiante');
INSERT INTO perfilestudiante (id_usuario, edad, nivel_educativo, ocupacion) VALUES (13, 20, 'Técnico', 'Estudiante');
INSERT INTO usuario (id_usuario, nombre, apellido, correo, contraseña, rol) VALUES (14, 'Juan Francisco', 'Cardona', 'juan francisco.cardona14@sematec.edu.pe', 'password123', 'estudiante');
INSERT INTO perfilestudiante (id_usuario, edad, nivel_educativo, ocupacion) VALUES (14, 23, 'Postgrado', 'Estudiante');
INSERT INTO usuario (id_usuario, nombre, apellido, correo, contraseña, rol) VALUES (15, 'Melchor', 'Porras', 'melchor.porras15@sematec.edu.pe', 'password123', 'estudiante');
INSERT INTO perfilestudiante (id_usuario, edad, nivel_educativo, ocupacion) VALUES (15, 26, 'Postgrado', 'Mecánico');
INSERT INTO usuario (id_usuario, nombre, apellido, correo, contraseña, rol) VALUES (16, 'Marianela', 'Baró', 'marianela.baró16@sematec.edu.pe', 'password123', 'estudiante');
INSERT INTO perfilestudiante (id_usuario, edad, nivel_educativo, ocupacion) VALUES (16, 30, 'Universitario', 'Estudiante');
INSERT INTO usuario (id_usuario, nombre, apellido, correo, contraseña, rol) VALUES (17, 'Fidel', 'Carrión', 'fidel.carrión17@sematec.edu.pe', 'password123', 'estudiante');
INSERT INTO perfilestudiante (id_usuario, edad, nivel_educativo, ocupacion) VALUES (17, 47, 'Técnico', 'Operador de maquinaria');
INSERT INTO usuario (id_usuario, nombre, apellido, correo, contraseña, rol) VALUES (18, 'Lino', 'Borrás', 'lino.borrás18@sematec.edu.pe', 'password123', 'estudiante');
INSERT INTO perfilestudiante (id_usuario, edad, nivel_educativo, ocupacion) VALUES (18, 38, 'Universitario', 'Estudiante');
INSERT INTO usuario (id_usuario, nombre, apellido, correo, contraseña, rol) VALUES (19, 'Lino', 'Gallego', 'lino.gallego19@sematec.edu.pe', 'password123', 'estudiante');
INSERT INTO perfilestudiante (id_usuario, edad, nivel_educativo, ocupacion) VALUES (19, 30, 'Postgrado', 'Supervisor de planta');
INSERT INTO usuario (id_usuario, nombre, apellido, correo, contraseña, rol) VALUES (20, 'Natanael', 'Santana', 'natanael.santana20@sematec.edu.pe', 'password123', 'estudiante');
INSERT INTO perfilestudiante (id_usuario, edad, nivel_educativo, ocupacion) VALUES (20, 40, 'Universitario', 'Técnico hidráulico');
INSERT INTO usuario (id_usuario, nombre, apellido, correo, contraseña, rol) VALUES (21, 'Judith', 'Puerta', 'judith.puerta21@sematec.edu.pe', 'password123', 'estudiante');
INSERT INTO perfilestudiante (id_usuario, edad, nivel_educativo, ocupacion) VALUES (21, 55, 'Postgrado', 'Mecánico');
INSERT INTO usuario (id_usuario, nombre, apellido, correo, contraseña, rol) VALUES (22, 'León', 'Soler', 'león.soler22@sematec.edu.pe', 'password123', 'estudiante');
INSERT INTO perfilestudiante (id_usuario, edad, nivel_educativo, ocupacion) VALUES (22, 30, 'Técnico', 'Mecánico');
INSERT INTO usuario (id_usuario, nombre, apellido, correo, contraseña, rol) VALUES (23, 'Valentín', 'Chico', 'valentín.chico23@sematec.edu.pe', 'password123', 'estudiante');
INSERT INTO perfilestudiante (id_usuario, edad, nivel_educativo, ocupacion) VALUES (23, 29, 'Postgrado', 'Mecánico');
INSERT INTO usuario (id_usuario, nombre, apellido, correo, contraseña, rol) VALUES (24, 'Marianela', 'Río', 'marianela.río24@sematec.edu.pe', 'password123', 'estudiante');
INSERT INTO perfilestudiante (id_usuario, edad, nivel_educativo, ocupacion) VALUES (24, 18, 'Técnico', 'Técnico hidráulico');
INSERT INTO usuario (id_usuario, nombre, apellido, correo, contraseña, rol) VALUES (25, 'Isaías', 'Pombo', 'isaías.pombo25@sematec.edu.pe', 'password123', 'estudiante');
INSERT INTO perfilestudiante (id_usuario, edad, nivel_educativo, ocupacion) VALUES (25, 19, 'Postgrado', 'Mecánico');
INSERT INTO usuario (id_usuario, nombre, apellido, correo, contraseña, rol) VALUES (26, 'Anastasio', 'Barrios', 'anastasio.barrios26@sematec.edu.pe', 'password123', 'estudiante');
INSERT INTO perfilestudiante (id_usuario, edad, nivel_educativo, ocupacion) VALUES (26, 45, 'Técnico', 'Mecánico');
INSERT INTO usuario (id_usuario, nombre, apellido, correo, contraseña, rol) VALUES (27, 'Severino', 'Ricart', 'severino.ricart27@sematec.edu.pe', 'password123', 'estudiante');
INSERT INTO perfilestudiante (id_usuario, edad, nivel_educativo, ocupacion) VALUES (27, 24, 'Postgrado', 'Técnico hidráulico');
INSERT INTO usuario (id_usuario, nombre, apellido, correo, contraseña, rol) VALUES (28, 'Jesús', 'Mesa', 'jesús.mesa28@sematec.edu.pe', 'password123', 'estudiante');
INSERT INTO perfilestudiante (id_usuario, edad, nivel_educativo, ocupacion) VALUES (28, 23, 'Técnico', 'Supervisor de planta');
INSERT INTO usuario (id_usuario, nombre, apellido, correo, contraseña, rol) VALUES (29, 'Raúl', 'Vallejo', 'raúl.vallejo29@sematec.edu.pe', 'password123', 'estudiante');
INSERT INTO perfilestudiante (id_usuario, edad, nivel_educativo, ocupacion) VALUES (29, 41, 'Secundaria', 'Supervisor de planta');
INSERT INTO usuario (id_usuario, nombre, apellido, correo, contraseña, rol) VALUES (30, 'Fátima', 'Quintana', 'fátima.quintana30@sematec.edu.pe', 'password123', 'estudiante');
INSERT INTO perfilestudiante (id_usuario, edad, nivel_educativo, ocupacion) VALUES (30, 33, 'Técnico', 'Supervisor de planta');
INSERT INTO usuario (id_usuario, nombre, apellido, correo, contraseña, rol) VALUES (31, 'Isidora', 'Salvà', 'isidora.salvà31@sematec.edu.pe', 'password123', 'estudiante');
INSERT INTO perfilestudiante (id_usuario, edad, nivel_educativo, ocupacion) VALUES (31, 24, 'Postgrado', 'Mecánico');
INSERT INTO usuario (id_usuario, nombre, apellido, correo, contraseña, rol) VALUES (32, 'Itziar', 'Morán', 'itziar.morán32@sematec.edu.pe', 'password123', 'estudiante');
INSERT INTO perfilestudiante (id_usuario, edad, nivel_educativo, ocupacion) VALUES (32, 41, 'Secundaria', 'Mecánico');
INSERT INTO usuario (id_usuario, nombre, apellido, correo, contraseña, rol) VALUES (33, 'Manola', 'Céspedes', 'manola.céspedes33@sematec.edu.pe', 'password123', 'estudiante');
INSERT INTO perfilestudiante (id_usuario, edad, nivel_educativo, ocupacion) VALUES (33, 52, 'Universitario', 'Estudiante');
INSERT INTO usuario (id_usuario, nombre, apellido, correo, contraseña, rol) VALUES (34, 'Ruperta', 'Sevillano', 'ruperta.sevillano34@sematec.edu.pe', 'password123', 'estudiante');
INSERT INTO perfilestudiante (id_usuario, edad, nivel_educativo, ocupacion) VALUES (34, 38, 'Postgrado', 'Supervisor de planta');
INSERT INTO usuario (id_usuario, nombre, apellido, correo, contraseña, rol) VALUES (35, 'Reina', 'Abad', 'reina.abad35@sematec.edu.pe', 'password123', 'estudiante');
INSERT INTO perfilestudiante (id_usuario, edad, nivel_educativo, ocupacion) VALUES (35, 48, 'Secundaria', 'Mecánico');
INSERT INTO usuario (id_usuario, nombre, apellido, correo, contraseña, rol) VALUES (36, 'Sebastian', 'Peralta', 'sebastian.peralta36@sematec.edu.pe', 'password123', 'estudiante');
INSERT INTO perfilestudiante (id_usuario, edad, nivel_educativo, ocupacion) VALUES (36, 38, 'Universitario', 'Supervisor de planta');
INSERT INTO usuario (id_usuario, nombre, apellido, correo, contraseña, rol) VALUES (37, 'Adriana', 'Bayona', 'adriana.bayona37@sematec.edu.pe', 'password123', 'estudiante');
INSERT INTO perfilestudiante (id_usuario, edad, nivel_educativo, ocupacion) VALUES (37, 31, 'Postgrado', 'Técnico hidráulico');
INSERT INTO usuario (id_usuario, nombre, apellido, correo, contraseña, rol) VALUES (38, 'Noemí', 'Escamilla', 'noemí.escamilla38@sematec.edu.pe', 'password123', 'estudiante');
INSERT INTO perfilestudiante (id_usuario, edad, nivel_educativo, ocupacion) VALUES (38, 24, 'Técnico', 'Estudiante');
INSERT INTO usuario (id_usuario, nombre, apellido, correo, contraseña, rol) VALUES (39, 'Gerardo', 'Morillo', 'gerardo.morillo39@sematec.edu.pe', 'password123', 'estudiante');
INSERT INTO perfilestudiante (id_usuario, edad, nivel_educativo, ocupacion) VALUES (39, 27, 'Técnico', 'Estudiante');
INSERT INTO usuario (id_usuario, nombre, apellido, correo, contraseña, rol) VALUES (40, 'Oriana', 'Torrent', 'oriana.torrent40@sematec.edu.pe', 'password123', 'estudiante');
INSERT INTO perfilestudiante (id_usuario, edad, nivel_educativo, ocupacion) VALUES (40, 44, 'Postgrado', 'Supervisor de planta');
INSERT INTO usuario (id_usuario, nombre, apellido, correo, contraseña, rol) VALUES (41, 'Alma', 'Sarabia', 'alma.sarabia41@sematec.edu.pe', 'password123', 'estudiante');
INSERT INTO perfilestudiante (id_usuario, edad, nivel_educativo, ocupacion) VALUES (41, 20, 'Postgrado', 'Técnico hidráulico');
INSERT INTO usuario (id_usuario, nombre, apellido, correo, contraseña, rol) VALUES (42, 'Máxima', 'Ródenas', 'máxima.ródenas42@sematec.edu.pe', 'password123', 'estudiante');
INSERT INTO perfilestudiante (id_usuario, edad, nivel_educativo, ocupacion) VALUES (42, 26, 'Técnico', 'Estudiante');
INSERT INTO usuario (id_usuario, nombre, apellido, correo, contraseña, rol) VALUES (43, 'Amarilis', 'Cornejo', 'amarilis.cornejo43@sematec.edu.pe', 'password123', 'estudiante');
INSERT INTO perfilestudiante (id_usuario, edad, nivel_educativo, ocupacion) VALUES (43, 24, 'Técnico', 'Mecánico');
INSERT INTO usuario (id_usuario, nombre, apellido, correo, contraseña, rol) VALUES (44, 'Jenaro', 'Castro', 'jenaro.castro44@sematec.edu.pe', 'password123', 'estudiante');
INSERT INTO perfilestudiante (id_usuario, edad, nivel_educativo, ocupacion) VALUES (44, 54, 'Técnico', 'Operador de maquinaria');
INSERT INTO usuario (id_usuario, nombre, apellido, correo, contraseña, rol) VALUES (45, 'Loreto', 'Chaparro', 'loreto.chaparro45@sematec.edu.pe', 'password123', 'estudiante');
INSERT INTO perfilestudiante (id_usuario, edad, nivel_educativo, ocupacion) VALUES (45, 46, 'Secundaria', 'Mecánico');
INSERT INTO usuario (id_usuario, nombre, apellido, correo, contraseña, rol) VALUES (46, 'Ariadna', 'Ariño', 'ariadna.ariño46@sematec.edu.pe', 'password123', 'estudiante');
INSERT INTO perfilestudiante (id_usuario, edad, nivel_educativo, ocupacion) VALUES (46, 21, 'Secundaria', 'Operador de maquinaria');
INSERT INTO usuario (id_usuario, nombre, apellido, correo, contraseña, rol) VALUES (47, 'Sonia', 'Alemany', 'sonia.alemany47@sematec.edu.pe', 'password123', 'estudiante');
INSERT INTO perfilestudiante (id_usuario, edad, nivel_educativo, ocupacion) VALUES (47, 51, 'Postgrado', 'Operador de maquinaria');
INSERT INTO usuario (id_usuario, nombre, apellido, correo, contraseña, rol) VALUES (48, 'Domitila', 'Manzanares', 'domitila.manzanares48@sematec.edu.pe', 'password123', 'estudiante');
INSERT INTO perfilestudiante (id_usuario, edad, nivel_educativo, ocupacion) VALUES (48, 20, 'Universitario', 'Supervisor de planta');
INSERT INTO usuario (id_usuario, nombre, apellido, correo, contraseña, rol) VALUES (49, 'Hernando', 'Torrens', 'hernando.torrens49@sematec.edu.pe', 'password123', 'estudiante');
INSERT INTO perfilestudiante (id_usuario, edad, nivel_educativo, ocupacion) VALUES (49, 18, 'Técnico', 'Supervisor de planta');
INSERT INTO usuario (id_usuario, nombre, apellido, correo, contraseña, rol) VALUES (50, 'Héctor', 'Arnaiz', 'héctor.arnaiz50@sematec.edu.pe', 'password123', 'estudiante');
INSERT INTO perfilestudiante (id_usuario, edad, nivel_educativo, ocupacion) VALUES (50, 31, 'Secundaria', 'Técnico hidráulico');
INSERT INTO usuario (id_usuario, nombre, apellido, correo, contraseña, rol) VALUES (51, 'Josefa', 'Bartolomé', 'josefa.bartolomé51@sematec.edu.pe', 'password123', 'estudiante');
INSERT INTO perfilestudiante (id_usuario, edad, nivel_educativo, ocupacion) VALUES (51, 20, 'Postgrado', 'Mecánico');
INSERT INTO usuario (id_usuario, nombre, apellido, correo, contraseña, rol) VALUES (52, 'Seve', 'Urrutia', 'seve.urrutia52@sematec.edu.pe', 'password123', 'estudiante');
INSERT INTO perfilestudiante (id_usuario, edad, nivel_educativo, ocupacion) VALUES (52, 25, 'Secundaria', 'Operador de maquinaria');
INSERT INTO usuario (id_usuario, nombre, apellido, correo, contraseña, rol) VALUES (53, 'Ema', 'Aguilera', 'ema.aguilera53@sematec.edu.pe', 'password123', 'estudiante');
INSERT INTO perfilestudiante (id_usuario, edad, nivel_educativo, ocupacion) VALUES (53, 52, 'Universitario', 'Estudiante');
INSERT INTO usuario (id_usuario, nombre, apellido, correo, contraseña, rol) VALUES (54, 'Sabina', 'Martínez', 'sabina.martínez54@sematec.edu.pe', 'password123', 'estudiante');
INSERT INTO perfilestudiante (id_usuario, edad, nivel_educativo, ocupacion) VALUES (54, 46, 'Técnico', 'Mecánico');
INSERT INTO usuario (id_usuario, nombre, apellido, correo, contraseña, rol) VALUES (55, 'Reyes', 'Alegre', 'reyes.alegre55@sematec.edu.pe', 'password123', 'estudiante');
INSERT INTO perfilestudiante (id_usuario, edad, nivel_educativo, ocupacion) VALUES (55, 46, 'Postgrado', 'Supervisor de planta');
INSERT INTO usuario (id_usuario, nombre, apellido, correo, contraseña, rol) VALUES (56, 'Milagros', 'Arranz', 'milagros.arranz56@sematec.edu.pe', 'password123', 'estudiante');
INSERT INTO perfilestudiante (id_usuario, edad, nivel_educativo, ocupacion) VALUES (56, 53, 'Universitario', 'Supervisor de planta');
INSERT INTO usuario (id_usuario, nombre, apellido, correo, contraseña, rol) VALUES (57, 'Daniela', 'Fortuny', 'daniela.fortuny57@sematec.edu.pe', 'password123', 'estudiante');
INSERT INTO perfilestudiante (id_usuario, edad, nivel_educativo, ocupacion) VALUES (57, 48, 'Técnico', 'Supervisor de planta');
INSERT INTO usuario (id_usuario, nombre, apellido, correo, contraseña, rol) VALUES (58, 'Loida', 'Amigó', 'loida.amigó58@sematec.edu.pe', 'password123', 'estudiante');
INSERT INTO perfilestudiante (id_usuario, edad, nivel_educativo, ocupacion) VALUES (58, 18, 'Secundaria', 'Operador de maquinaria');
INSERT INTO usuario (id_usuario, nombre, apellido, correo, contraseña, rol) VALUES (59, 'América', 'Jerez', 'américa.jerez59@sematec.edu.pe', 'password123', 'estudiante');
INSERT INTO perfilestudiante (id_usuario, edad, nivel_educativo, ocupacion) VALUES (59, 47, 'Secundaria', 'Operador de maquinaria');
INSERT INTO usuario (id_usuario, nombre, apellido, correo, contraseña, rol) VALUES (60, 'Bibiana', 'Pinedo', 'bibiana.pinedo60@sematec.edu.pe', 'password123', 'estudiante');
INSERT INTO perfilestudiante (id_usuario, edad, nivel_educativo, ocupacion) VALUES (60, 51, 'Secundaria', 'Supervisor de planta');
INSERT INTO usuario (id_usuario, nombre, apellido, correo, contraseña, rol) VALUES (61, 'Fito', 'Vicens', 'fito.vicens61@sematec.edu.pe', 'password123', 'estudiante');
INSERT INTO perfilestudiante (id_usuario, edad, nivel_educativo, ocupacion) VALUES (61, 51, 'Técnico', 'Estudiante');
INSERT INTO usuario (id_usuario, nombre, apellido, correo, contraseña, rol) VALUES (62, 'Camilo', 'Verdejo', 'camilo.verdejo62@sematec.edu.pe', 'password123', 'estudiante');
INSERT INTO perfilestudiante (id_usuario, edad, nivel_educativo, ocupacion) VALUES (62, 25, 'Técnico', 'Estudiante');
INSERT INTO usuario (id_usuario, nombre, apellido, correo, contraseña, rol) VALUES (63, 'Isidro', 'Sola', 'isidro.sola63@sematec.edu.pe', 'password123', 'estudiante');
INSERT INTO perfilestudiante (id_usuario, edad, nivel_educativo, ocupacion) VALUES (63, 27, 'Secundaria', 'Técnico hidráulico');
INSERT INTO usuario (id_usuario, nombre, apellido, correo, contraseña, rol) VALUES (64, 'Nélida', 'Vilanova', 'nélida.vilanova64@sematec.edu.pe', 'password123', 'estudiante');
INSERT INTO perfilestudiante (id_usuario, edad, nivel_educativo, ocupacion) VALUES (64, 32, 'Postgrado', 'Estudiante');
INSERT INTO usuario (id_usuario, nombre, apellido, correo, contraseña, rol) VALUES (65, 'Fanny', 'Camino', 'fanny.camino65@sematec.edu.pe', 'password123', 'estudiante');
INSERT INTO perfilestudiante (id_usuario, edad, nivel_educativo, ocupacion) VALUES (65, 18, 'Secundaria', 'Técnico hidráulico');
INSERT INTO usuario (id_usuario, nombre, apellido, correo, contraseña, rol) VALUES (66, 'Juanito', 'Balaguer', 'juanito.balaguer66@sematec.edu.pe', 'password123', 'estudiante');
INSERT INTO perfilestudiante (id_usuario, edad, nivel_educativo, ocupacion) VALUES (66, 43, 'Técnico', 'Supervisor de planta');
INSERT INTO usuario (id_usuario, nombre, apellido, correo, contraseña, rol) VALUES (67, 'Íngrid', 'Huguet', 'íngrid.huguet67@sematec.edu.pe', 'password123', 'estudiante');
INSERT INTO perfilestudiante (id_usuario, edad, nivel_educativo, ocupacion) VALUES (67, 30, 'Postgrado', 'Estudiante');
INSERT INTO usuario (id_usuario, nombre, apellido, correo, contraseña, rol) VALUES (68, 'Melisa', 'Samper', 'melisa.samper68@sematec.edu.pe', 'password123', 'estudiante');
INSERT INTO perfilestudiante (id_usuario, edad, nivel_educativo, ocupacion) VALUES (68, 51, 'Universitario', 'Supervisor de planta');
INSERT INTO usuario (id_usuario, nombre, apellido, correo, contraseña, rol) VALUES (69, 'Benjamín', 'Marqués', 'benjamín.marqués69@sematec.edu.pe', 'password123', 'estudiante');
INSERT INTO perfilestudiante (id_usuario, edad, nivel_educativo, ocupacion) VALUES (69, 27, 'Universitario', 'Operador de maquinaria');
INSERT INTO usuario (id_usuario, nombre, apellido, correo, contraseña, rol) VALUES (70, 'América', 'Velasco', 'américa.velasco70@sematec.edu.pe', 'password123', 'estudiante');
INSERT INTO perfilestudiante (id_usuario, edad, nivel_educativo, ocupacion) VALUES (70, 18, 'Universitario', 'Estudiante');
INSERT INTO usuario (id_usuario, nombre, apellido, correo, contraseña, rol) VALUES (71, 'Gustavo', 'Goicoechea', 'gustavo.goicoechea71@sematec.edu.pe', 'password123', 'estudiante');
INSERT INTO perfilestudiante (id_usuario, edad, nivel_educativo, ocupacion) VALUES (71, 22, 'Postgrado', 'Supervisor de planta');
INSERT INTO usuario (id_usuario, nombre, apellido, correo, contraseña, rol) VALUES (72, 'Ricarda', 'Valls', 'ricarda.valls72@sematec.edu.pe', 'password123', 'estudiante');
INSERT INTO perfilestudiante (id_usuario, edad, nivel_educativo, ocupacion) VALUES (72, 23, 'Técnico', 'Operador de maquinaria');
INSERT INTO usuario (id_usuario, nombre, apellido, correo, contraseña, rol) VALUES (73, 'Marcelino', 'Dávila', 'marcelino.dávila73@sematec.edu.pe', 'password123', 'estudiante');
INSERT INTO perfilestudiante (id_usuario, edad, nivel_educativo, ocupacion) VALUES (73, 41, 'Postgrado', 'Supervisor de planta');
INSERT INTO usuario (id_usuario, nombre, apellido, correo, contraseña, rol) VALUES (74, 'Nélida', 'Galán', 'nélida.galán74@sematec.edu.pe', 'password123', 'estudiante');
INSERT INTO perfilestudiante (id_usuario, edad, nivel_educativo, ocupacion) VALUES (74, 20, 'Universitario', 'Técnico hidráulico');
INSERT INTO usuario (id_usuario, nombre, apellido, correo, contraseña, rol) VALUES (75, 'Marisol', 'Milla', 'marisol.milla75@sematec.edu.pe', 'password123', 'estudiante');
INSERT INTO perfilestudiante (id_usuario, edad, nivel_educativo, ocupacion) VALUES (75, 37, 'Secundaria', 'Estudiante');
INSERT INTO usuario (id_usuario, nombre, apellido, correo, contraseña, rol) VALUES (76, 'Luz', 'Segura', 'luz.segura76@sematec.edu.pe', 'password123', 'estudiante');
INSERT INTO perfilestudiante (id_usuario, edad, nivel_educativo, ocupacion) VALUES (76, 20, 'Universitario', 'Mecánico');
INSERT INTO usuario (id_usuario, nombre, apellido, correo, contraseña, rol) VALUES (77, 'Berto', 'Ribera', 'berto.ribera77@sematec.edu.pe', 'password123', 'estudiante');
INSERT INTO perfilestudiante (id_usuario, edad, nivel_educativo, ocupacion) VALUES (77, 31, 'Universitario', 'Operador de maquinaria');
INSERT INTO usuario (id_usuario, nombre, apellido, correo, contraseña, rol) VALUES (78, 'Samuel', 'Nogués', 'samuel.nogués78@sematec.edu.pe', 'password123', 'estudiante');
INSERT INTO perfilestudiante (id_usuario, edad, nivel_educativo, ocupacion) VALUES (78, 18, 'Postgrado', 'Mecánico');
INSERT INTO usuario (id_usuario, nombre, apellido, correo, contraseña, rol) VALUES (79, 'Porfirio', 'Asensio', 'porfirio.asensio79@sematec.edu.pe', 'password123', 'estudiante');
INSERT INTO perfilestudiante (id_usuario, edad, nivel_educativo, ocupacion) VALUES (79, 33, 'Universitario', 'Supervisor de planta');
INSERT INTO usuario (id_usuario, nombre, apellido, correo, contraseña, rol) VALUES (80, 'Anna', 'Figueroa', 'anna.figueroa80@sematec.edu.pe', 'password123', 'estudiante');
INSERT INTO perfilestudiante (id_usuario, edad, nivel_educativo, ocupacion) VALUES (80, 44, 'Secundaria', 'Mecánico');
INSERT INTO usuario (id_usuario, nombre, apellido, correo, contraseña, rol) VALUES (81, 'Jennifer', 'Teruel', 'jennifer.teruel81@sematec.edu.pe', 'password123', 'estudiante');
INSERT INTO perfilestudiante (id_usuario, edad, nivel_educativo, ocupacion) VALUES (81, 45, 'Técnico', 'Supervisor de planta');
INSERT INTO usuario (id_usuario, nombre, apellido, correo, contraseña, rol) VALUES (82, 'Maricruz', 'Jerez', 'maricruz.jerez82@sematec.edu.pe', 'password123', 'estudiante');
INSERT INTO perfilestudiante (id_usuario, edad, nivel_educativo, ocupacion) VALUES (82, 30, 'Universitario', 'Supervisor de planta');
INSERT INTO usuario (id_usuario, nombre, apellido, correo, contraseña, rol) VALUES (83, 'Sara', 'Huerta', 'sara.huerta83@sematec.edu.pe', 'password123', 'estudiante');
INSERT INTO perfilestudiante (id_usuario, edad, nivel_educativo, ocupacion) VALUES (83, 43, 'Secundaria', 'Supervisor de planta');
INSERT INTO usuario (id_usuario, nombre, apellido, correo, contraseña, rol) VALUES (84, 'Pacífica', 'Manso', 'pacífica.manso84@sematec.edu.pe', 'password123', 'estudiante');
INSERT INTO perfilestudiante (id_usuario, edad, nivel_educativo, ocupacion) VALUES (84, 22, 'Universitario', 'Técnico hidráulico');
INSERT INTO usuario (id_usuario, nombre, apellido, correo, contraseña, rol) VALUES (85, 'Maxi', 'Viña', 'maxi.viña85@sematec.edu.pe', 'password123', 'estudiante');
INSERT INTO perfilestudiante (id_usuario, edad, nivel_educativo, ocupacion) VALUES (85, 54, 'Universitario', 'Técnico hidráulico');
INSERT INTO usuario (id_usuario, nombre, apellido, correo, contraseña, rol) VALUES (86, 'Abigaíl', 'Olivera', 'abigaíl.olivera86@sematec.edu.pe', 'password123', 'estudiante');
INSERT INTO perfilestudiante (id_usuario, edad, nivel_educativo, ocupacion) VALUES (86, 29, 'Universitario', 'Técnico hidráulico');
INSERT INTO usuario (id_usuario, nombre, apellido, correo, contraseña, rol) VALUES (87, 'Marisela', 'Casares', 'marisela.casares87@sematec.edu.pe', 'password123', 'estudiante');
INSERT INTO perfilestudiante (id_usuario, edad, nivel_educativo, ocupacion) VALUES (87, 34, 'Postgrado', 'Operador de maquinaria');
INSERT INTO usuario (id_usuario, nombre, apellido, correo, contraseña, rol) VALUES (88, 'Berto', 'Pérez', 'berto.pérez88@sematec.edu.pe', 'password123', 'estudiante');
INSERT INTO perfilestudiante (id_usuario, edad, nivel_educativo, ocupacion) VALUES (88, 20, 'Universitario', 'Operador de maquinaria');
INSERT INTO usuario (id_usuario, nombre, apellido, correo, contraseña, rol) VALUES (89, 'Rebeca', 'Torrijos', 'rebeca.torrijos89@sematec.edu.pe', 'password123', 'estudiante');
INSERT INTO perfilestudiante (id_usuario, edad, nivel_educativo, ocupacion) VALUES (89, 38, 'Postgrado', 'Supervisor de planta');
INSERT INTO usuario (id_usuario, nombre, apellido, correo, contraseña, rol) VALUES (90, 'Raúl', 'Gibert', 'raúl.gibert90@sematec.edu.pe', 'password123', 'estudiante');
INSERT INTO perfilestudiante (id_usuario, edad, nivel_educativo, ocupacion) VALUES (90, 55, 'Universitario', 'Operador de maquinaria');
INSERT INTO usuario (id_usuario, nombre, apellido, correo, contraseña, rol) VALUES (91, 'Leandro', 'Barón', 'leandro.barón91@sematec.edu.pe', 'password123', 'estudiante');
INSERT INTO perfilestudiante (id_usuario, edad, nivel_educativo, ocupacion) VALUES (91, 51, 'Secundaria', 'Técnico hidráulico');
INSERT INTO usuario (id_usuario, nombre, apellido, correo, contraseña, rol) VALUES (92, 'Carlito', 'Alegre', 'carlito.alegre92@sematec.edu.pe', 'password123', 'estudiante');
INSERT INTO perfilestudiante (id_usuario, edad, nivel_educativo, ocupacion) VALUES (92, 29, 'Secundaria', 'Operador de maquinaria');
INSERT INTO usuario (id_usuario, nombre, apellido, correo, contraseña, rol) VALUES (93, 'Virgilio', 'Piña', 'virgilio.piña93@sematec.edu.pe', 'password123', 'estudiante');
INSERT INTO perfilestudiante (id_usuario, edad, nivel_educativo, ocupacion) VALUES (93, 35, 'Técnico', 'Supervisor de planta');
INSERT INTO usuario (id_usuario, nombre, apellido, correo, contraseña, rol) VALUES (94, 'Buenaventura', 'Clavero', 'buenaventura.clavero94@sematec.edu.pe', 'password123', 'estudiante');
INSERT INTO perfilestudiante (id_usuario, edad, nivel_educativo, ocupacion) VALUES (94, 37, 'Postgrado', 'Técnico hidráulico');
INSERT INTO usuario (id_usuario, nombre, apellido, correo, contraseña, rol) VALUES (95, 'Tomasa', 'Manzano', 'tomasa.manzano95@sematec.edu.pe', 'password123', 'estudiante');
INSERT INTO perfilestudiante (id_usuario, edad, nivel_educativo, ocupacion) VALUES (95, 34, 'Universitario', 'Operador de maquinaria');
INSERT INTO usuario (id_usuario, nombre, apellido, correo, contraseña, rol) VALUES (96, 'Luis Ángel', 'Santana', 'luis ángel.santana96@sematec.edu.pe', 'password123', 'estudiante');
INSERT INTO perfilestudiante (id_usuario, edad, nivel_educativo, ocupacion) VALUES (96, 22, 'Técnico', 'Estudiante');
INSERT INTO usuario (id_usuario, nombre, apellido, correo, contraseña, rol) VALUES (97, 'Plinio', 'Pomares', 'plinio.pomares97@sematec.edu.pe', 'password123', 'estudiante');
INSERT INTO perfilestudiante (id_usuario, edad, nivel_educativo, ocupacion) VALUES (97, 42, 'Postgrado', 'Supervisor de planta');
INSERT INTO usuario (id_usuario, nombre, apellido, correo, contraseña, rol) VALUES (98, 'Consuelo', 'Sáenz', 'consuelo.sáenz98@sematec.edu.pe', 'password123', 'estudiante');
INSERT INTO perfilestudiante (id_usuario, edad, nivel_educativo, ocupacion) VALUES (98, 54, 'Postgrado', 'Mecánico');
INSERT INTO usuario (id_usuario, nombre, apellido, correo, contraseña, rol) VALUES (99, 'María Fernanda', 'Adán', 'maría fernanda.adán99@sematec.edu.pe', 'password123', 'estudiante');
INSERT INTO perfilestudiante (id_usuario, edad, nivel_educativo, ocupacion) VALUES (99, 43, 'Secundaria', 'Supervisor de planta');
INSERT INTO usuario (id_usuario, nombre, apellido, correo, contraseña, rol) VALUES (100, 'Pepita', 'Amaya', 'pepita.amaya100@sematec.edu.pe', 'password123', 'estudiante');
INSERT INTO perfilestudiante (id_usuario, edad, nivel_educativo, ocupacion) VALUES (100, 20, 'Universitario', 'Estudiante');
INSERT INTO usuario (id_usuario, nombre, apellido, correo, contraseña, rol) VALUES (101, 'Mirta', 'León', 'mirta.león101@sematec.edu.pe', 'password123', 'estudiante');
INSERT INTO perfilestudiante (id_usuario, edad, nivel_educativo, ocupacion) VALUES (101, 42, 'Técnico', 'Mecánico');
INSERT INTO usuario (id_usuario, nombre, apellido, correo, contraseña, rol) VALUES (102, 'Margarita', 'Aguilera', 'margarita.aguilera102@sematec.edu.pe', 'password123', 'estudiante');
INSERT INTO perfilestudiante (id_usuario, edad, nivel_educativo, ocupacion) VALUES (102, 43, 'Técnico', 'Estudiante');
INSERT INTO usuario (id_usuario, nombre, apellido, correo, contraseña, rol) VALUES (103, 'Haydée', 'Belmonte', 'haydée.belmonte103@sematec.edu.pe', 'password123', 'estudiante');
INSERT INTO perfilestudiante (id_usuario, edad, nivel_educativo, ocupacion) VALUES (103, 24, 'Universitario', 'Mecánico');
INSERT INTO usuario (id_usuario, nombre, apellido, correo, contraseña, rol) VALUES (104, 'Cruz', 'Luque', 'cruz.luque104@sematec.edu.pe', 'password123', 'estudiante');
INSERT INTO perfilestudiante (id_usuario, edad, nivel_educativo, ocupacion) VALUES (104, 38, 'Secundaria', 'Técnico hidráulico');
INSERT INTO usuario (id_usuario, nombre, apellido, correo, contraseña, rol) VALUES (105, 'Marisela', 'Mateu', 'marisela.mateu105@sematec.edu.pe', 'password123', 'estudiante');
INSERT INTO perfilestudiante (id_usuario, edad, nivel_educativo, ocupacion) VALUES (105, 41, 'Secundaria', 'Técnico hidráulico');
INSERT INTO usuario (id_usuario, nombre, apellido, correo, contraseña, rol) VALUES (106, 'Claudio', 'Sanz', 'claudio.sanz106@sematec.edu.pe', 'password123', 'estudiante');
INSERT INTO perfilestudiante (id_usuario, edad, nivel_educativo, ocupacion) VALUES (106, 42, 'Secundaria', 'Mecánico');
INSERT INTO usuario (id_usuario, nombre, apellido, correo, contraseña, rol) VALUES (107, 'Tania', 'Martínez', 'tania.martínez107@sematec.edu.pe', 'password123', 'estudiante');
INSERT INTO perfilestudiante (id_usuario, edad, nivel_educativo, ocupacion) VALUES (107, 34, 'Secundaria', 'Supervisor de planta');
INSERT INTO usuario (id_usuario, nombre, apellido, correo, contraseña, rol) VALUES (108, 'Cayetana', 'Casals', 'cayetana.casals108@sematec.edu.pe', 'password123', 'estudiante');
INSERT INTO perfilestudiante (id_usuario, edad, nivel_educativo, ocupacion) VALUES (108, 33, 'Secundaria', 'Operador de maquinaria');
INSERT INTO usuario (id_usuario, nombre, apellido, correo, contraseña, rol) VALUES (109, 'Nacio', 'Calderon', 'nacio.calderon109@sematec.edu.pe', 'password123', 'estudiante');
INSERT INTO perfilestudiante (id_usuario, edad, nivel_educativo, ocupacion) VALUES (109, 24, 'Técnico', 'Mecánico');
INSERT INTO usuario (id_usuario, nombre, apellido, correo, contraseña, rol) VALUES (110, 'Hermenegildo', 'Gras', 'hermenegildo.gras110@sematec.edu.pe', 'password123', 'estudiante');
INSERT INTO perfilestudiante (id_usuario, edad, nivel_educativo, ocupacion) VALUES (110, 55, 'Técnico', 'Estudiante');
INSERT INTO usuario (id_usuario, nombre, apellido, correo, contraseña, rol) VALUES (111, 'Calisto', 'Álvarez', 'calisto.álvarez111@sematec.edu.pe', 'password123', 'estudiante');
INSERT INTO perfilestudiante (id_usuario, edad, nivel_educativo, ocupacion) VALUES (111, 41, 'Postgrado', 'Técnico hidráulico');
INSERT INTO usuario (id_usuario, nombre, apellido, correo, contraseña, rol) VALUES (112, 'Rocío', 'Gálvez', 'rocío.gálvez112@sematec.edu.pe', 'password123', 'estudiante');
INSERT INTO perfilestudiante (id_usuario, edad, nivel_educativo, ocupacion) VALUES (112, 42, 'Técnico', 'Estudiante');
INSERT INTO usuario (id_usuario, nombre, apellido, correo, contraseña, rol) VALUES (113, 'Ximena', 'Alvarado', 'ximena.alvarado113@sematec.edu.pe', 'password123', 'estudiante');
INSERT INTO perfilestudiante (id_usuario, edad, nivel_educativo, ocupacion) VALUES (113, 50, 'Postgrado', 'Estudiante');
INSERT INTO usuario (id_usuario, nombre, apellido, correo, contraseña, rol) VALUES (114, 'Jenaro', 'Barrios', 'jenaro.barrios114@sematec.edu.pe', 'password123', 'estudiante');
INSERT INTO perfilestudiante (id_usuario, edad, nivel_educativo, ocupacion) VALUES (114, 38, 'Postgrado', 'Estudiante');
INSERT INTO usuario (id_usuario, nombre, apellido, correo, contraseña, rol) VALUES (115, 'Felicia', 'Sedano', 'felicia.sedano115@sematec.edu.pe', 'password123', 'estudiante');
INSERT INTO perfilestudiante (id_usuario, edad, nivel_educativo, ocupacion) VALUES (115, 46, 'Postgrado', 'Estudiante');
INSERT INTO usuario (id_usuario, nombre, apellido, correo, contraseña, rol) VALUES (116, 'Manuela', 'Vargas', 'manuela.vargas116@sematec.edu.pe', 'password123', 'estudiante');
INSERT INTO perfilestudiante (id_usuario, edad, nivel_educativo, ocupacion) VALUES (116, 53, 'Universitario', 'Estudiante');
INSERT INTO usuario (id_usuario, nombre, apellido, correo, contraseña, rol) VALUES (117, 'Desiderio', 'Nuñez', 'desiderio.nuñez117@sematec.edu.pe', 'password123', 'estudiante');
INSERT INTO perfilestudiante (id_usuario, edad, nivel_educativo, ocupacion) VALUES (117, 32, 'Universitario', 'Operador de maquinaria');
INSERT INTO usuario (id_usuario, nombre, apellido, correo, contraseña, rol) VALUES (118, 'Apolinar', 'Clemente', 'apolinar.clemente118@sematec.edu.pe', 'password123', 'estudiante');
INSERT INTO perfilestudiante (id_usuario, edad, nivel_educativo, ocupacion) VALUES (118, 27, 'Postgrado', 'Operador de maquinaria');
INSERT INTO usuario (id_usuario, nombre, apellido, correo, contraseña, rol) VALUES (119, 'Adriana', 'Vera', 'adriana.vera119@sematec.edu.pe', 'password123', 'estudiante');
INSERT INTO perfilestudiante (id_usuario, edad, nivel_educativo, ocupacion) VALUES (119, 37, 'Secundaria', 'Mecánico');
INSERT INTO usuario (id_usuario, nombre, apellido, correo, contraseña, rol) VALUES (120, 'Heriberto', 'Echevarría', 'heriberto.echevarría120@sematec.edu.pe', 'password123', 'estudiante');
INSERT INTO perfilestudiante (id_usuario, edad, nivel_educativo, ocupacion) VALUES (120, 35, 'Técnico', 'Estudiante');
INSERT INTO usuario (id_usuario, nombre, apellido, correo, contraseña, rol) VALUES (121, 'Merche', 'Castilla', 'merche.castilla121@sematec.edu.pe', 'password123', 'estudiante');
INSERT INTO perfilestudiante (id_usuario, edad, nivel_educativo, ocupacion) VALUES (121, 24, 'Técnico', 'Técnico hidráulico');
INSERT INTO usuario (id_usuario, nombre, apellido, correo, contraseña, rol) VALUES (122, 'Joaquina', 'Dueñas', 'joaquina.dueñas122@sematec.edu.pe', 'password123', 'estudiante');
INSERT INTO perfilestudiante (id_usuario, edad, nivel_educativo, ocupacion) VALUES (122, 30, 'Secundaria', 'Operador de maquinaria');
INSERT INTO usuario (id_usuario, nombre, apellido, correo, contraseña, rol) VALUES (123, 'Pacífica', 'Valera', 'pacífica.valera123@sematec.edu.pe', 'password123', 'estudiante');
INSERT INTO perfilestudiante (id_usuario, edad, nivel_educativo, ocupacion) VALUES (123, 29, 'Secundaria', 'Estudiante');
INSERT INTO usuario (id_usuario, nombre, apellido, correo, contraseña, rol) VALUES (124, 'Pilar', 'Alarcón', 'pilar.alarcón124@sematec.edu.pe', 'password123', 'estudiante');
INSERT INTO perfilestudiante (id_usuario, edad, nivel_educativo, ocupacion) VALUES (124, 41, 'Secundaria', 'Supervisor de planta');
INSERT INTO usuario (id_usuario, nombre, apellido, correo, contraseña, rol) VALUES (125, 'Isa', 'Campillo', 'isa.campillo125@sematec.edu.pe', 'password123', 'estudiante');
INSERT INTO perfilestudiante (id_usuario, edad, nivel_educativo, ocupacion) VALUES (125, 42, 'Secundaria', 'Estudiante');
INSERT INTO usuario (id_usuario, nombre, apellido, correo, contraseña, rol) VALUES (126, 'Dimas', 'Alberdi', 'dimas.alberdi126@sematec.edu.pe', 'password123', 'estudiante');
INSERT INTO perfilestudiante (id_usuario, edad, nivel_educativo, ocupacion) VALUES (126, 20, 'Técnico', 'Supervisor de planta');
INSERT INTO usuario (id_usuario, nombre, apellido, correo, contraseña, rol) VALUES (127, 'Fulgencio', 'Benavente', 'fulgencio.benavente127@sematec.edu.pe', 'password123', 'estudiante');
INSERT INTO perfilestudiante (id_usuario, edad, nivel_educativo, ocupacion) VALUES (127, 50, 'Universitario', 'Técnico hidráulico');
INSERT INTO usuario (id_usuario, nombre, apellido, correo, contraseña, rol) VALUES (128, 'Josué', 'Gárate', 'josué.gárate128@sematec.edu.pe', 'password123', 'estudiante');
INSERT INTO perfilestudiante (id_usuario, edad, nivel_educativo, ocupacion) VALUES (128, 48, 'Técnico', 'Técnico hidráulico');
INSERT INTO usuario (id_usuario, nombre, apellido, correo, contraseña, rol) VALUES (129, 'Eliseo', 'Galán', 'eliseo.galán129@sematec.edu.pe', 'password123', 'estudiante');
INSERT INTO perfilestudiante (id_usuario, edad, nivel_educativo, ocupacion) VALUES (129, 45, 'Postgrado', 'Operador de maquinaria');
INSERT INTO usuario (id_usuario, nombre, apellido, correo, contraseña, rol) VALUES (130, 'Teófila', 'Escribano', 'teófila.escribano130@sematec.edu.pe', 'password123', 'estudiante');
INSERT INTO perfilestudiante (id_usuario, edad, nivel_educativo, ocupacion) VALUES (130, 39, 'Secundaria', 'Estudiante');
INSERT INTO usuario (id_usuario, nombre, apellido, correo, contraseña, rol) VALUES (131, 'Felicia', 'Azcona', 'felicia.azcona131@sematec.edu.pe', 'password123', 'estudiante');
INSERT INTO perfilestudiante (id_usuario, edad, nivel_educativo, ocupacion) VALUES (131, 34, 'Técnico', 'Supervisor de planta');
INSERT INTO usuario (id_usuario, nombre, apellido, correo, contraseña, rol) VALUES (132, 'Daniela', 'Royo', 'daniela.royo132@sematec.edu.pe', 'password123', 'estudiante');
INSERT INTO perfilestudiante (id_usuario, edad, nivel_educativo, ocupacion) VALUES (132, 43, 'Postgrado', 'Operador de maquinaria');
INSERT INTO usuario (id_usuario, nombre, apellido, correo, contraseña, rol) VALUES (133, 'Malena', 'Arenas', 'malena.arenas133@sematec.edu.pe', 'password123', 'estudiante');
INSERT INTO perfilestudiante (id_usuario, edad, nivel_educativo, ocupacion) VALUES (133, 21, 'Técnico', 'Estudiante');
INSERT INTO usuario (id_usuario, nombre, apellido, correo, contraseña, rol) VALUES (134, 'Samu', 'Mendizábal', 'samu.mendizábal134@sematec.edu.pe', 'password123', 'estudiante');
INSERT INTO perfilestudiante (id_usuario, edad, nivel_educativo, ocupacion) VALUES (134, 39, 'Universitario', 'Supervisor de planta');
INSERT INTO usuario (id_usuario, nombre, apellido, correo, contraseña, rol) VALUES (135, 'Dafne', 'Cabello', 'dafne.cabello135@sematec.edu.pe', 'password123', 'estudiante');
INSERT INTO perfilestudiante (id_usuario, edad, nivel_educativo, ocupacion) VALUES (135, 35, 'Técnico', 'Técnico hidráulico');
INSERT INTO usuario (id_usuario, nombre, apellido, correo, contraseña, rol) VALUES (136, 'Goyo', 'Casal', 'goyo.casal136@sematec.edu.pe', 'password123', 'estudiante');
INSERT INTO perfilestudiante (id_usuario, edad, nivel_educativo, ocupacion) VALUES (136, 43, 'Secundaria', 'Supervisor de planta');
INSERT INTO usuario (id_usuario, nombre, apellido, correo, contraseña, rol) VALUES (137, 'Hortensia', 'Ribas', 'hortensia.ribas137@sematec.edu.pe', 'password123', 'estudiante');
INSERT INTO perfilestudiante (id_usuario, edad, nivel_educativo, ocupacion) VALUES (137, 26, 'Técnico', 'Técnico hidráulico');
INSERT INTO usuario (id_usuario, nombre, apellido, correo, contraseña, rol) VALUES (138, 'Crescencia', 'Tur', 'crescencia.tur138@sematec.edu.pe', 'password123', 'estudiante');
INSERT INTO perfilestudiante (id_usuario, edad, nivel_educativo, ocupacion) VALUES (138, 51, 'Secundaria', 'Mecánico');
INSERT INTO usuario (id_usuario, nombre, apellido, correo, contraseña, rol) VALUES (139, 'Carmela', 'Armengol', 'carmela.armengol139@sematec.edu.pe', 'password123', 'estudiante');
INSERT INTO perfilestudiante (id_usuario, edad, nivel_educativo, ocupacion) VALUES (139, 34, 'Secundaria', 'Operador de maquinaria');
INSERT INTO usuario (id_usuario, nombre, apellido, correo, contraseña, rol) VALUES (140, 'Ciríaco', 'Guzman', 'ciríaco.guzman140@sematec.edu.pe', 'password123', 'estudiante');
INSERT INTO perfilestudiante (id_usuario, edad, nivel_educativo, ocupacion) VALUES (140, 28, 'Universitario', 'Estudiante');
INSERT INTO usuario (id_usuario, nombre, apellido, correo, contraseña, rol) VALUES (141, 'Oriana', 'Jiménez', 'oriana.jiménez141@sematec.edu.pe', 'password123', 'estudiante');
INSERT INTO perfilestudiante (id_usuario, edad, nivel_educativo, ocupacion) VALUES (141, 47, 'Postgrado', 'Operador de maquinaria');
INSERT INTO usuario (id_usuario, nombre, apellido, correo, contraseña, rol) VALUES (142, 'Dani', 'Ibáñez', 'dani.ibáñez142@sematec.edu.pe', 'password123', 'estudiante');
INSERT INTO perfilestudiante (id_usuario, edad, nivel_educativo, ocupacion) VALUES (142, 24, 'Postgrado', 'Supervisor de planta');
INSERT INTO usuario (id_usuario, nombre, apellido, correo, contraseña, rol) VALUES (143, 'Carmelita', 'Seguí', 'carmelita.seguí143@sematec.edu.pe', 'password123', 'estudiante');
INSERT INTO perfilestudiante (id_usuario, edad, nivel_educativo, ocupacion) VALUES (143, 35, 'Secundaria', 'Técnico hidráulico');
INSERT INTO usuario (id_usuario, nombre, apellido, correo, contraseña, rol) VALUES (144, 'Narcisa', 'Castelló', 'narcisa.castelló144@sematec.edu.pe', 'password123', 'estudiante');
INSERT INTO perfilestudiante (id_usuario, edad, nivel_educativo, ocupacion) VALUES (144, 46, 'Secundaria', 'Estudiante');
INSERT INTO usuario (id_usuario, nombre, apellido, correo, contraseña, rol) VALUES (145, 'Dorotea', 'Cañizares', 'dorotea.cañizares145@sematec.edu.pe', 'password123', 'estudiante');
INSERT INTO perfilestudiante (id_usuario, edad, nivel_educativo, ocupacion) VALUES (145, 24, 'Postgrado', 'Supervisor de planta');
INSERT INTO usuario (id_usuario, nombre, apellido, correo, contraseña, rol) VALUES (146, 'Maxi', 'Saavedra', 'maxi.saavedra146@sematec.edu.pe', 'password123', 'estudiante');
INSERT INTO perfilestudiante (id_usuario, edad, nivel_educativo, ocupacion) VALUES (146, 36, 'Postgrado', 'Operador de maquinaria');
INSERT INTO usuario (id_usuario, nombre, apellido, correo, contraseña, rol) VALUES (147, 'Eduardo', 'Rios', 'eduardo.rios147@sematec.edu.pe', 'password123', 'estudiante');
INSERT INTO perfilestudiante (id_usuario, edad, nivel_educativo, ocupacion) VALUES (147, 48, 'Secundaria', 'Técnico hidráulico');
INSERT INTO usuario (id_usuario, nombre, apellido, correo, contraseña, rol) VALUES (148, 'Iván', 'Arana', 'iván.arana148@sematec.edu.pe', 'password123', 'estudiante');
INSERT INTO perfilestudiante (id_usuario, edad, nivel_educativo, ocupacion) VALUES (148, 25, 'Secundaria', 'Mecánico');
INSERT INTO usuario (id_usuario, nombre, apellido, correo, contraseña, rol) VALUES (149, 'Ana', 'Pi', 'ana.pi149@sematec.edu.pe', 'password123', 'estudiante');
INSERT INTO perfilestudiante (id_usuario, edad, nivel_educativo, ocupacion) VALUES (149, 33, 'Postgrado', 'Técnico hidráulico');
INSERT INTO usuario (id_usuario, nombre, apellido, correo, contraseña, rol) VALUES (150, 'Alba', 'Luís', 'alba.luís150@sematec.edu.pe', 'password123', 'estudiante');
INSERT INTO perfilestudiante (id_usuario, edad, nivel_educativo, ocupacion) VALUES (150, 53, 'Universitario', 'Operador de maquinaria');
INSERT INTO usuario (id_usuario, nombre, apellido, correo, contraseña, rol) VALUES (151, 'Amarilis', 'Morales', 'amarilis.morales151@sematec.edu.pe', 'password123', 'estudiante');
INSERT INTO perfilestudiante (id_usuario, edad, nivel_educativo, ocupacion) VALUES (151, 25, 'Universitario', 'Estudiante');
INSERT INTO usuario (id_usuario, nombre, apellido, correo, contraseña, rol) VALUES (152, 'Anita', 'Molins', 'anita.molins152@sematec.edu.pe', 'password123', 'estudiante');
INSERT INTO perfilestudiante (id_usuario, edad, nivel_educativo, ocupacion) VALUES (152, 47, 'Universitario', 'Supervisor de planta');
INSERT INTO usuario (id_usuario, nombre, apellido, correo, contraseña, rol) VALUES (153, 'Paca', 'Gil', 'paca.gil153@sematec.edu.pe', 'password123', 'estudiante');
INSERT INTO perfilestudiante (id_usuario, edad, nivel_educativo, ocupacion) VALUES (153, 47, 'Secundaria', 'Operador de maquinaria');
INSERT INTO usuario (id_usuario, nombre, apellido, correo, contraseña, rol) VALUES (154, 'Julia', 'Zamorano', 'julia.zamorano154@sematec.edu.pe', 'password123', 'estudiante');
INSERT INTO perfilestudiante (id_usuario, edad, nivel_educativo, ocupacion) VALUES (154, 25, 'Técnico', 'Supervisor de planta');
INSERT INTO usuario (id_usuario, nombre, apellido, correo, contraseña, rol) VALUES (155, 'Odalys', 'Conde', 'odalys.conde155@sematec.edu.pe', 'password123', 'estudiante');
INSERT INTO perfilestudiante (id_usuario, edad, nivel_educativo, ocupacion) VALUES (155, 37, 'Postgrado', 'Mecánico');
INSERT INTO usuario (id_usuario, nombre, apellido, correo, contraseña, rol) VALUES (156, 'Guadalupe', 'Mena', 'guadalupe.mena156@sematec.edu.pe', 'password123', 'estudiante');
INSERT INTO perfilestudiante (id_usuario, edad, nivel_educativo, ocupacion) VALUES (156, 18, 'Universitario', 'Técnico hidráulico');
INSERT INTO usuario (id_usuario, nombre, apellido, correo, contraseña, rol) VALUES (157, 'Morena', 'Coll', 'morena.coll157@sematec.edu.pe', 'password123', 'estudiante');
INSERT INTO perfilestudiante (id_usuario, edad, nivel_educativo, ocupacion) VALUES (157, 38, 'Postgrado', 'Operador de maquinaria');
INSERT INTO usuario (id_usuario, nombre, apellido, correo, contraseña, rol) VALUES (158, 'Ovidio', 'Posada', 'ovidio.posada158@sematec.edu.pe', 'password123', 'estudiante');
INSERT INTO perfilestudiante (id_usuario, edad, nivel_educativo, ocupacion) VALUES (158, 47, 'Postgrado', 'Técnico hidráulico');
INSERT INTO usuario (id_usuario, nombre, apellido, correo, contraseña, rol) VALUES (159, 'Vito', 'Roma', 'vito.roma159@sematec.edu.pe', 'password123', 'estudiante');
INSERT INTO perfilestudiante (id_usuario, edad, nivel_educativo, ocupacion) VALUES (159, 48, 'Postgrado', 'Operador de maquinaria');
INSERT INTO usuario (id_usuario, nombre, apellido, correo, contraseña, rol) VALUES (160, 'Loida', 'Velázquez', 'loida.velázquez160@sematec.edu.pe', 'password123', 'estudiante');
INSERT INTO perfilestudiante (id_usuario, edad, nivel_educativo, ocupacion) VALUES (160, 53, 'Postgrado', 'Técnico hidráulico');
INSERT INTO usuario (id_usuario, nombre, apellido, correo, contraseña, rol) VALUES (161, 'Consuela', 'Guijarro', 'consuela.guijarro161@sematec.edu.pe', 'password123', 'estudiante');
INSERT INTO perfilestudiante (id_usuario, edad, nivel_educativo, ocupacion) VALUES (161, 40, 'Universitario', 'Estudiante');
INSERT INTO usuario (id_usuario, nombre, apellido, correo, contraseña, rol) VALUES (162, 'Celso', 'Expósito', 'celso.expósito162@sematec.edu.pe', 'password123', 'estudiante');
INSERT INTO perfilestudiante (id_usuario, edad, nivel_educativo, ocupacion) VALUES (162, 46, 'Secundaria', 'Operador de maquinaria');
INSERT INTO usuario (id_usuario, nombre, apellido, correo, contraseña, rol) VALUES (163, 'Cristóbal', 'Enríquez', 'cristóbal.enríquez163@sematec.edu.pe', 'password123', 'estudiante');
INSERT INTO perfilestudiante (id_usuario, edad, nivel_educativo, ocupacion) VALUES (163, 26, 'Técnico', 'Técnico hidráulico');
INSERT INTO usuario (id_usuario, nombre, apellido, correo, contraseña, rol) VALUES (164, 'Óscar', 'Pareja', 'óscar.pareja164@sematec.edu.pe', 'password123', 'estudiante');
INSERT INTO perfilestudiante (id_usuario, edad, nivel_educativo, ocupacion) VALUES (164, 53, 'Técnico', 'Mecánico');
INSERT INTO usuario (id_usuario, nombre, apellido, correo, contraseña, rol) VALUES (165, 'Josep', 'Bas', 'josep.bas165@sematec.edu.pe', 'password123', 'estudiante');
INSERT INTO perfilestudiante (id_usuario, edad, nivel_educativo, ocupacion) VALUES (165, 39, 'Postgrado', 'Operador de maquinaria');
INSERT INTO usuario (id_usuario, nombre, apellido, correo, contraseña, rol) VALUES (166, 'Roxana', 'Segarra', 'roxana.segarra166@sematec.edu.pe', 'password123', 'estudiante');
INSERT INTO perfilestudiante (id_usuario, edad, nivel_educativo, ocupacion) VALUES (166, 20, 'Universitario', 'Técnico hidráulico');
INSERT INTO usuario (id_usuario, nombre, apellido, correo, contraseña, rol) VALUES (167, 'Hilda', 'Verdejo', 'hilda.verdejo167@sematec.edu.pe', 'password123', 'estudiante');
INSERT INTO perfilestudiante (id_usuario, edad, nivel_educativo, ocupacion) VALUES (167, 28, 'Secundaria', 'Mecánico');
INSERT INTO usuario (id_usuario, nombre, apellido, correo, contraseña, rol) VALUES (168, 'Chita', 'Larrea', 'chita.larrea168@sematec.edu.pe', 'password123', 'estudiante');
INSERT INTO perfilestudiante (id_usuario, edad, nivel_educativo, ocupacion) VALUES (168, 46, 'Secundaria', 'Estudiante');
INSERT INTO usuario (id_usuario, nombre, apellido, correo, contraseña, rol) VALUES (169, 'Ibán', 'Ibáñez', 'ibán.ibáñez169@sematec.edu.pe', 'password123', 'estudiante');
INSERT INTO perfilestudiante (id_usuario, edad, nivel_educativo, ocupacion) VALUES (169, 46, 'Técnico', 'Supervisor de planta');
INSERT INTO usuario (id_usuario, nombre, apellido, correo, contraseña, rol) VALUES (170, 'Aurelio', 'Garay', 'aurelio.garay170@sematec.edu.pe', 'password123', 'estudiante');
INSERT INTO perfilestudiante (id_usuario, edad, nivel_educativo, ocupacion) VALUES (170, 19, 'Universitario', 'Estudiante');
INSERT INTO usuario (id_usuario, nombre, apellido, correo, contraseña, rol) VALUES (171, 'Tamara', 'Palomo', 'tamara.palomo171@sematec.edu.pe', 'password123', 'estudiante');
INSERT INTO perfilestudiante (id_usuario, edad, nivel_educativo, ocupacion) VALUES (171, 49, 'Postgrado', 'Técnico hidráulico');
INSERT INTO usuario (id_usuario, nombre, apellido, correo, contraseña, rol) VALUES (172, 'Josué', 'Piñeiro', 'josué.piñeiro172@sematec.edu.pe', 'password123', 'estudiante');
INSERT INTO perfilestudiante (id_usuario, edad, nivel_educativo, ocupacion) VALUES (172, 45, 'Universitario', 'Supervisor de planta');
INSERT INTO usuario (id_usuario, nombre, apellido, correo, contraseña, rol) VALUES (173, 'Pablo', 'Gomis', 'pablo.gomis173@sematec.edu.pe', 'password123', 'estudiante');
INSERT INTO perfilestudiante (id_usuario, edad, nivel_educativo, ocupacion) VALUES (173, 35, 'Secundaria', 'Técnico hidráulico');
INSERT INTO usuario (id_usuario, nombre, apellido, correo, contraseña, rol) VALUES (174, 'Griselda', 'Chaves', 'griselda.chaves174@sematec.edu.pe', 'password123', 'estudiante');
INSERT INTO perfilestudiante (id_usuario, edad, nivel_educativo, ocupacion) VALUES (174, 29, 'Postgrado', 'Operador de maquinaria');
INSERT INTO usuario (id_usuario, nombre, apellido, correo, contraseña, rol) VALUES (175, 'Hortensia', 'Vila', 'hortensia.vila175@sematec.edu.pe', 'password123', 'estudiante');
INSERT INTO perfilestudiante (id_usuario, edad, nivel_educativo, ocupacion) VALUES (175, 34, 'Técnico', 'Técnico hidráulico');
INSERT INTO usuario (id_usuario, nombre, apellido, correo, contraseña, rol) VALUES (176, 'Teodoro', 'Camino', 'teodoro.camino176@sematec.edu.pe', 'password123', 'estudiante');
INSERT INTO perfilestudiante (id_usuario, edad, nivel_educativo, ocupacion) VALUES (176, 20, 'Técnico', 'Mecánico');
INSERT INTO usuario (id_usuario, nombre, apellido, correo, contraseña, rol) VALUES (177, 'Remigio', 'Vicente', 'remigio.vicente177@sematec.edu.pe', 'password123', 'estudiante');
INSERT INTO perfilestudiante (id_usuario, edad, nivel_educativo, ocupacion) VALUES (177, 43, 'Secundaria', 'Mecánico');
INSERT INTO usuario (id_usuario, nombre, apellido, correo, contraseña, rol) VALUES (178, 'Sebastian', 'Nogués', 'sebastian.nogués178@sematec.edu.pe', 'password123', 'estudiante');
INSERT INTO perfilestudiante (id_usuario, edad, nivel_educativo, ocupacion) VALUES (178, 33, 'Secundaria', 'Supervisor de planta');
INSERT INTO usuario (id_usuario, nombre, apellido, correo, contraseña, rol) VALUES (179, 'Ceferino', 'Casanova', 'ceferino.casanova179@sematec.edu.pe', 'password123', 'estudiante');
INSERT INTO perfilestudiante (id_usuario, edad, nivel_educativo, ocupacion) VALUES (179, 47, 'Técnico', 'Mecánico');
INSERT INTO usuario (id_usuario, nombre, apellido, correo, contraseña, rol) VALUES (180, 'Jose Carlos', 'Vives', 'jose carlos.vives180@sematec.edu.pe', 'password123', 'estudiante');
INSERT INTO perfilestudiante (id_usuario, edad, nivel_educativo, ocupacion) VALUES (180, 24, 'Universitario', 'Operador de maquinaria');
INSERT INTO usuario (id_usuario, nombre, apellido, correo, contraseña, rol) VALUES (181, 'Paz', 'Alcázar', 'paz.alcázar181@sematec.edu.pe', 'password123', 'estudiante');
INSERT INTO perfilestudiante (id_usuario, edad, nivel_educativo, ocupacion) VALUES (181, 19, 'Secundaria', 'Mecánico');
INSERT INTO usuario (id_usuario, nombre, apellido, correo, contraseña, rol) VALUES (182, 'Hilario', 'Mendoza', 'hilario.mendoza182@sematec.edu.pe', 'password123', 'estudiante');
INSERT INTO perfilestudiante (id_usuario, edad, nivel_educativo, ocupacion) VALUES (182, 28, 'Secundaria', 'Supervisor de planta');
INSERT INTO usuario (id_usuario, nombre, apellido, correo, contraseña, rol) VALUES (183, 'Yolanda', 'Valderrama', 'yolanda.valderrama183@sematec.edu.pe', 'password123', 'estudiante');
INSERT INTO perfilestudiante (id_usuario, edad, nivel_educativo, ocupacion) VALUES (183, 46, 'Secundaria', 'Técnico hidráulico');
INSERT INTO usuario (id_usuario, nombre, apellido, correo, contraseña, rol) VALUES (184, 'Espiridión', 'Borrás', 'espiridión.borrás184@sematec.edu.pe', 'password123', 'estudiante');
INSERT INTO perfilestudiante (id_usuario, edad, nivel_educativo, ocupacion) VALUES (184, 55, 'Postgrado', 'Operador de maquinaria');
INSERT INTO usuario (id_usuario, nombre, apellido, correo, contraseña, rol) VALUES (185, 'Salomé', 'Moya', 'salomé.moya185@sematec.edu.pe', 'password123', 'estudiante');
INSERT INTO perfilestudiante (id_usuario, edad, nivel_educativo, ocupacion) VALUES (185, 28, 'Universitario', 'Mecánico');
INSERT INTO usuario (id_usuario, nombre, apellido, correo, contraseña, rol) VALUES (186, 'Margarita', 'Azorin', 'margarita.azorin186@sematec.edu.pe', 'password123', 'estudiante');
INSERT INTO perfilestudiante (id_usuario, edad, nivel_educativo, ocupacion) VALUES (186, 48, 'Universitario', 'Mecánico');
INSERT INTO usuario (id_usuario, nombre, apellido, correo, contraseña, rol) VALUES (187, 'Angelina', 'Fuertes', 'angelina.fuertes187@sematec.edu.pe', 'password123', 'estudiante');
INSERT INTO perfilestudiante (id_usuario, edad, nivel_educativo, ocupacion) VALUES (187, 35, 'Secundaria', 'Estudiante');
INSERT INTO usuario (id_usuario, nombre, apellido, correo, contraseña, rol) VALUES (188, 'Bruno', 'Carpio', 'bruno.carpio188@sematec.edu.pe', 'password123', 'estudiante');
INSERT INTO perfilestudiante (id_usuario, edad, nivel_educativo, ocupacion) VALUES (188, 32, 'Universitario', 'Estudiante');
INSERT INTO usuario (id_usuario, nombre, apellido, correo, contraseña, rol) VALUES (189, 'Joel', 'León', 'joel.león189@sematec.edu.pe', 'password123', 'estudiante');
INSERT INTO perfilestudiante (id_usuario, edad, nivel_educativo, ocupacion) VALUES (189, 43, 'Universitario', 'Mecánico');
INSERT INTO usuario (id_usuario, nombre, apellido, correo, contraseña, rol) VALUES (190, 'Teo', 'Rosell', 'teo.rosell190@sematec.edu.pe', 'password123', 'estudiante');
INSERT INTO perfilestudiante (id_usuario, edad, nivel_educativo, ocupacion) VALUES (190, 19, 'Universitario', 'Mecánico');
INSERT INTO usuario (id_usuario, nombre, apellido, correo, contraseña, rol) VALUES (191, 'Juan', 'Taboada', 'juan.taboada191@sematec.edu.pe', 'password123', 'estudiante');
INSERT INTO perfilestudiante (id_usuario, edad, nivel_educativo, ocupacion) VALUES (191, 38, 'Postgrado', 'Supervisor de planta');
INSERT INTO usuario (id_usuario, nombre, apellido, correo, contraseña, rol) VALUES (192, 'Nando', 'Cañete', 'nando.cañete192@sematec.edu.pe', 'password123', 'estudiante');
INSERT INTO perfilestudiante (id_usuario, edad, nivel_educativo, ocupacion) VALUES (192, 27, 'Postgrado', 'Operador de maquinaria');
INSERT INTO usuario (id_usuario, nombre, apellido, correo, contraseña, rol) VALUES (193, 'Leopoldo', 'Melero', 'leopoldo.melero193@sematec.edu.pe', 'password123', 'estudiante');
INSERT INTO perfilestudiante (id_usuario, edad, nivel_educativo, ocupacion) VALUES (193, 19, 'Técnico', 'Técnico hidráulico');
INSERT INTO usuario (id_usuario, nombre, apellido, correo, contraseña, rol) VALUES (194, 'Cleto', 'Blanco', 'cleto.blanco194@sematec.edu.pe', 'password123', 'estudiante');
INSERT INTO perfilestudiante (id_usuario, edad, nivel_educativo, ocupacion) VALUES (194, 45, 'Secundaria', 'Mecánico');
INSERT INTO usuario (id_usuario, nombre, apellido, correo, contraseña, rol) VALUES (195, 'Máxima', 'Azorin', 'máxima.azorin195@sematec.edu.pe', 'password123', 'estudiante');
INSERT INTO perfilestudiante (id_usuario, edad, nivel_educativo, ocupacion) VALUES (195, 31, 'Secundaria', 'Técnico hidráulico');
INSERT INTO usuario (id_usuario, nombre, apellido, correo, contraseña, rol) VALUES (196, 'Guiomar', 'Céspedes', 'guiomar.céspedes196@sematec.edu.pe', 'password123', 'estudiante');
INSERT INTO perfilestudiante (id_usuario, edad, nivel_educativo, ocupacion) VALUES (196, 21, 'Secundaria', 'Mecánico');
INSERT INTO usuario (id_usuario, nombre, apellido, correo, contraseña, rol) VALUES (197, 'Roxana', 'Barberá', 'roxana.barberá197@sematec.edu.pe', 'password123', 'estudiante');
INSERT INTO perfilestudiante (id_usuario, edad, nivel_educativo, ocupacion) VALUES (197, 26, 'Técnico', 'Estudiante');
INSERT INTO usuario (id_usuario, nombre, apellido, correo, contraseña, rol) VALUES (198, 'Roxana', 'Cárdenas', 'roxana.cárdenas198@sematec.edu.pe', 'password123', 'estudiante');
INSERT INTO perfilestudiante (id_usuario, edad, nivel_educativo, ocupacion) VALUES (198, 18, 'Secundaria', 'Técnico hidráulico');
INSERT INTO usuario (id_usuario, nombre, apellido, correo, contraseña, rol) VALUES (199, 'Loreto', 'Aguiló', 'loreto.aguiló199@sematec.edu.pe', 'password123', 'estudiante');
INSERT INTO perfilestudiante (id_usuario, edad, nivel_educativo, ocupacion) VALUES (199, 21, 'Universitario', 'Estudiante');
INSERT INTO usuario (id_usuario, nombre, apellido, correo, contraseña, rol) VALUES (200, 'Macario', 'Morata', 'macario.morata200@sematec.edu.pe', 'password123', 'estudiante');
INSERT INTO perfilestudiante (id_usuario, edad, nivel_educativo, ocupacion) VALUES (200, 31, 'Técnico', 'Operador de maquinaria');
INSERT INTO usuario (id_usuario, nombre, apellido, correo, contraseña, rol) VALUES (201, 'Teófilo', 'Ferrández', 'teófilo.ferrández201@sematec.edu.pe', 'password123', 'estudiante');
INSERT INTO perfilestudiante (id_usuario, edad, nivel_educativo, ocupacion) VALUES (201, 46, 'Universitario', 'Estudiante');
INSERT INTO usuario (id_usuario, nombre, apellido, correo, contraseña, rol) VALUES (202, 'Pelayo', 'Vergara', 'pelayo.vergara202@sematec.edu.pe', 'password123', 'estudiante');
INSERT INTO perfilestudiante (id_usuario, edad, nivel_educativo, ocupacion) VALUES (202, 53, 'Secundaria', 'Operador de maquinaria');
INSERT INTO usuario (id_usuario, nombre, apellido, correo, contraseña, rol) VALUES (203, 'Santiago', 'Llabrés', 'santiago.llabrés203@sematec.edu.pe', 'password123', 'estudiante');
INSERT INTO perfilestudiante (id_usuario, edad, nivel_educativo, ocupacion) VALUES (203, 20, 'Secundaria', 'Operador de maquinaria');
INSERT INTO usuario (id_usuario, nombre, apellido, correo, contraseña, rol) VALUES (204, 'Mariana', 'Cano', 'mariana.cano204@sematec.edu.pe', 'password123', 'estudiante');
INSERT INTO perfilestudiante (id_usuario, edad, nivel_educativo, ocupacion) VALUES (204, 19, 'Universitario', 'Técnico hidráulico');
INSERT INTO usuario (id_usuario, nombre, apellido, correo, contraseña, rol) VALUES (205, 'Micaela', 'Téllez', 'micaela.téllez205@sematec.edu.pe', 'password123', 'estudiante');
INSERT INTO perfilestudiante (id_usuario, edad, nivel_educativo, ocupacion) VALUES (205, 55, 'Postgrado', 'Estudiante');
INSERT INTO usuario (id_usuario, nombre, apellido, correo, contraseña, rol) VALUES (206, 'Cleto', 'Alfaro', 'cleto.alfaro206@sematec.edu.pe', 'password123', 'estudiante');
INSERT INTO perfilestudiante (id_usuario, edad, nivel_educativo, ocupacion) VALUES (206, 36, 'Técnico', 'Mecánico');
INSERT INTO usuario (id_usuario, nombre, apellido, correo, contraseña, rol) VALUES (207, 'Guiomar', 'Tovar', 'guiomar.tovar207@sematec.edu.pe', 'password123', 'estudiante');
INSERT INTO perfilestudiante (id_usuario, edad, nivel_educativo, ocupacion) VALUES (207, 54, 'Secundaria', 'Operador de maquinaria');
INSERT INTO usuario (id_usuario, nombre, apellido, correo, contraseña, rol) VALUES (208, 'Chelo', 'Garay', 'chelo.garay208@sematec.edu.pe', 'password123', 'estudiante');
INSERT INTO perfilestudiante (id_usuario, edad, nivel_educativo, ocupacion) VALUES (208, 53, 'Postgrado', 'Mecánico');
INSERT INTO usuario (id_usuario, nombre, apellido, correo, contraseña, rol) VALUES (209, 'Maribel', 'Cornejo', 'maribel.cornejo209@sematec.edu.pe', 'password123', 'estudiante');
INSERT INTO perfilestudiante (id_usuario, edad, nivel_educativo, ocupacion) VALUES (209, 48, 'Secundaria', 'Estudiante');
INSERT INTO usuario (id_usuario, nombre, apellido, correo, contraseña, rol) VALUES (210, 'Carmina', 'Jimenez', 'carmina.jimenez210@sematec.edu.pe', 'password123', 'estudiante');
INSERT INTO perfilestudiante (id_usuario, edad, nivel_educativo, ocupacion) VALUES (210, 25, 'Postgrado', 'Supervisor de planta');
INSERT INTO usuario (id_usuario, nombre, apellido, correo, contraseña, rol) VALUES (211, 'Miguel', 'Villegas', 'miguel.villegas211@sematec.edu.pe', 'password123', 'estudiante');
INSERT INTO perfilestudiante (id_usuario, edad, nivel_educativo, ocupacion) VALUES (211, 20, 'Secundaria', 'Técnico hidráulico');
INSERT INTO usuario (id_usuario, nombre, apellido, correo, contraseña, rol) VALUES (212, 'Armida', 'Pons', 'armida.pons212@sematec.edu.pe', 'password123', 'estudiante');
INSERT INTO perfilestudiante (id_usuario, edad, nivel_educativo, ocupacion) VALUES (212, 19, 'Universitario', 'Operador de maquinaria');
INSERT INTO usuario (id_usuario, nombre, apellido, correo, contraseña, rol) VALUES (213, 'Amado', 'Llorente', 'amado.llorente213@sematec.edu.pe', 'password123', 'estudiante');
INSERT INTO perfilestudiante (id_usuario, edad, nivel_educativo, ocupacion) VALUES (213, 24, 'Universitario', 'Operador de maquinaria');
INSERT INTO usuario (id_usuario, nombre, apellido, correo, contraseña, rol) VALUES (214, 'María Jesús', 'Puga', 'maría jesús.puga214@sematec.edu.pe', 'password123', 'estudiante');
INSERT INTO perfilestudiante (id_usuario, edad, nivel_educativo, ocupacion) VALUES (214, 55, 'Postgrado', 'Técnico hidráulico');
INSERT INTO usuario (id_usuario, nombre, apellido, correo, contraseña, rol) VALUES (215, 'Bernabé', 'Giralt', 'bernabé.giralt215@sematec.edu.pe', 'password123', 'estudiante');
INSERT INTO perfilestudiante (id_usuario, edad, nivel_educativo, ocupacion) VALUES (215, 40, 'Universitario', 'Técnico hidráulico');
INSERT INTO usuario (id_usuario, nombre, apellido, correo, contraseña, rol) VALUES (216, 'Cristian', 'Mas', 'cristian.mas216@sematec.edu.pe', 'password123', 'estudiante');
INSERT INTO perfilestudiante (id_usuario, edad, nivel_educativo, ocupacion) VALUES (216, 21, 'Secundaria', 'Estudiante');
INSERT INTO usuario (id_usuario, nombre, apellido, correo, contraseña, rol) VALUES (217, 'Marcelino', 'Abellán', 'marcelino.abellán217@sematec.edu.pe', 'password123', 'estudiante');
INSERT INTO perfilestudiante (id_usuario, edad, nivel_educativo, ocupacion) VALUES (217, 48, 'Universitario', 'Operador de maquinaria');
INSERT INTO usuario (id_usuario, nombre, apellido, correo, contraseña, rol) VALUES (218, 'Hipólito', 'Salvà', 'hipólito.salvà218@sematec.edu.pe', 'password123', 'estudiante');
INSERT INTO perfilestudiante (id_usuario, edad, nivel_educativo, ocupacion) VALUES (218, 55, 'Postgrado', 'Supervisor de planta');
INSERT INTO usuario (id_usuario, nombre, apellido, correo, contraseña, rol) VALUES (219, 'Hernando', 'Roselló', 'hernando.roselló219@sematec.edu.pe', 'password123', 'estudiante');
INSERT INTO perfilestudiante (id_usuario, edad, nivel_educativo, ocupacion) VALUES (219, 41, 'Postgrado', 'Supervisor de planta');
INSERT INTO usuario (id_usuario, nombre, apellido, correo, contraseña, rol) VALUES (220, 'Isabela', 'Amigó', 'isabela.amigó220@sematec.edu.pe', 'password123', 'estudiante');
INSERT INTO perfilestudiante (id_usuario, edad, nivel_educativo, ocupacion) VALUES (220, 19, 'Secundaria', 'Técnico hidráulico');
INSERT INTO usuario (id_usuario, nombre, apellido, correo, contraseña, rol) VALUES (221, 'Eliana', 'Fuster', 'eliana.fuster221@sematec.edu.pe', 'password123', 'estudiante');
INSERT INTO perfilestudiante (id_usuario, edad, nivel_educativo, ocupacion) VALUES (221, 46, 'Postgrado', 'Supervisor de planta');
